time;geo country;cluster;powertrain;relative sales
1970;Finland;4;BEV;0
1970;Finland;4;CNG;0
1970;Finland;4;Diesel;0,0518624
1970;Finland;4;FCEV;0
1970;Finland;4;G-HEV;0
1970;Finland;4;G-PHEV;0
1970;Finland;4;Gasoline;0,9481376
1970;Finland;4;LPG;0
1970;Finland;4;D-HEV;0
1971;Finland;4;BEV;0
1971;Finland;4;CNG;0
1971;Finland;4;Diesel;0,0518624
1971;Finland;4;FCEV;0
1971;Finland;4;G-HEV;0
1971;Finland;4;G-PHEV;0
1971;Finland;4;Gasoline;0,9481376
1971;Finland;4;LPG;0
1971;Finland;4;D-HEV;0
1972;Finland;4;BEV;0
1972;Finland;4;CNG;0
1972;Finland;4;Diesel;0,0518624
1972;Finland;4;FCEV;0
1972;Finland;4;G-HEV;0
1972;Finland;4;G-PHEV;0
1972;Finland;4;Gasoline;0,9481376
1972;Finland;4;LPG;0
1972;Finland;4;D-HEV;0
1973;Finland;4;BEV;0
1973;Finland;4;CNG;0
1973;Finland;4;Diesel;0,0518624
1973;Finland;4;FCEV;0
1973;Finland;4;G-HEV;0
1973;Finland;4;G-PHEV;0
1973;Finland;4;Gasoline;0,9481376
1973;Finland;4;LPG;0
1973;Finland;4;D-HEV;0
1974;Finland;4;BEV;0
1974;Finland;4;CNG;0
1974;Finland;4;Diesel;0,0518624
1974;Finland;4;FCEV;0
1974;Finland;4;G-HEV;0
1974;Finland;4;G-PHEV;0
1974;Finland;4;Gasoline;0,9481376
1974;Finland;4;LPG;0
1974;Finland;4;D-HEV;0
1975;Finland;4;BEV;0
1975;Finland;4;CNG;0
1975;Finland;4;Diesel;0,0518624
1975;Finland;4;FCEV;0
1975;Finland;4;G-HEV;0
1975;Finland;4;G-PHEV;0
1975;Finland;4;Gasoline;0,9481376
1975;Finland;4;LPG;0
1975;Finland;4;D-HEV;0
1976;Finland;4;BEV;0
1976;Finland;4;CNG;0
1976;Finland;4;Diesel;0,0518624
1976;Finland;4;FCEV;0
1976;Finland;4;G-HEV;0
1976;Finland;4;G-PHEV;0
1976;Finland;4;Gasoline;0,9481376
1976;Finland;4;LPG;0
1976;Finland;4;D-HEV;0
1977;Finland;4;BEV;0
1977;Finland;4;CNG;0
1977;Finland;4;Diesel;0,0518624
1977;Finland;4;FCEV;0
1977;Finland;4;G-HEV;0
1977;Finland;4;G-PHEV;0
1977;Finland;4;Gasoline;0,9481376
1977;Finland;4;LPG;0
1977;Finland;4;D-HEV;0
1978;Finland;4;BEV;0
1978;Finland;4;CNG;0
1978;Finland;4;Diesel;0,0518624
1978;Finland;4;FCEV;0
1978;Finland;4;G-HEV;0
1978;Finland;4;G-PHEV;0
1978;Finland;4;Gasoline;0,9481376
1978;Finland;4;LPG;0
1978;Finland;4;D-HEV;0
1979;Finland;4;BEV;0
1979;Finland;4;CNG;0
1979;Finland;4;Diesel;0,0518624
1979;Finland;4;FCEV;0
1979;Finland;4;G-HEV;0
1979;Finland;4;G-PHEV;0
1979;Finland;4;Gasoline;0,9481376
1979;Finland;4;LPG;0
1979;Finland;4;D-HEV;0
1980;Finland;4;BEV;0
1980;Finland;4;CNG;0
1980;Finland;4;Diesel;0,0518624
1980;Finland;4;FCEV;0
1980;Finland;4;G-HEV;0
1980;Finland;4;G-PHEV;0
1980;Finland;4;Gasoline;0,9481376
1980;Finland;4;LPG;0
1980;Finland;4;D-HEV;0
1981;Finland;4;BEV;0
1981;Finland;4;CNG;0
1981;Finland;4;Diesel;0,0518624
1981;Finland;4;FCEV;0
1981;Finland;4;G-HEV;0
1981;Finland;4;G-PHEV;0
1981;Finland;4;Gasoline;0,9481376
1981;Finland;4;LPG;0
1981;Finland;4;D-HEV;0
1982;Finland;4;BEV;0
1982;Finland;4;CNG;0
1982;Finland;4;Diesel;0,0518624
1982;Finland;4;FCEV;0
1982;Finland;4;G-HEV;0
1982;Finland;4;G-PHEV;0
1982;Finland;4;Gasoline;0,9481376
1982;Finland;4;LPG;0
1982;Finland;4;D-HEV;0
1983;Finland;4;BEV;0
1983;Finland;4;CNG;0
1983;Finland;4;Diesel;0,0518624
1983;Finland;4;FCEV;0
1983;Finland;4;G-HEV;0
1983;Finland;4;G-PHEV;0
1983;Finland;4;Gasoline;0,9481376
1983;Finland;4;LPG;0
1983;Finland;4;D-HEV;0
1984;Finland;4;BEV;0
1984;Finland;4;CNG;0
1984;Finland;4;Diesel;0,0518624
1984;Finland;4;FCEV;0
1984;Finland;4;G-HEV;0
1984;Finland;4;G-PHEV;0
1984;Finland;4;Gasoline;0,9481376
1984;Finland;4;LPG;0
1984;Finland;4;D-HEV;0
1985;Finland;4;BEV;0
1985;Finland;4;CNG;0
1985;Finland;4;Diesel;0,0518624
1985;Finland;4;FCEV;0
1985;Finland;4;G-HEV;0
1985;Finland;4;G-PHEV;0
1985;Finland;4;Gasoline;0,9481376
1985;Finland;4;LPG;0
1985;Finland;4;D-HEV;0
1986;Finland;4;BEV;0
1986;Finland;4;CNG;0
1986;Finland;4;Diesel;0,0518624
1986;Finland;4;FCEV;0
1986;Finland;4;G-HEV;0
1986;Finland;4;G-PHEV;0
1986;Finland;4;Gasoline;0,9481376
1986;Finland;4;LPG;0
1986;Finland;4;D-HEV;0
1987;Finland;4;BEV;0
1987;Finland;4;CNG;0
1987;Finland;4;Diesel;0,0518624
1987;Finland;4;FCEV;0
1987;Finland;4;G-HEV;0
1987;Finland;4;G-PHEV;0
1987;Finland;4;Gasoline;0,9481376
1987;Finland;4;LPG;0
1987;Finland;4;D-HEV;0
1988;Finland;4;BEV;0
1988;Finland;4;CNG;0
1988;Finland;4;Diesel;0,0518624
1988;Finland;4;FCEV;0
1988;Finland;4;G-HEV;0
1988;Finland;4;G-PHEV;0
1988;Finland;4;Gasoline;0,9481376
1988;Finland;4;LPG;0
1988;Finland;4;D-HEV;0
1989;Finland;4;BEV;0
1989;Finland;4;CNG;0
1989;Finland;4;Diesel;0,0518624
1989;Finland;4;FCEV;0
1989;Finland;4;G-HEV;0
1989;Finland;4;G-PHEV;0
1989;Finland;4;Gasoline;0,9481376
1989;Finland;4;LPG;0
1989;Finland;4;D-HEV;0
1990;Finland;4;BEV;0
1990;Finland;4;CNG;0
1990;Finland;4;Diesel;0,0518624
1990;Finland;4;FCEV;0
1990;Finland;4;G-HEV;0
1990;Finland;4;G-PHEV;0
1990;Finland;4;Gasoline;0,9481376
1990;Finland;4;LPG;0
1990;Finland;4;D-HEV;0
1991;Finland;4;BEV;0,0000216
1991;Finland;4;CNG;0
1991;Finland;4;Diesel;0,048505163
1991;Finland;4;FCEV;0
1991;Finland;4;G-HEV;0
1991;Finland;4;G-PHEV;0
1991;Finland;4;Gasoline;0,951473212
1991;Finland;4;LPG;0
1991;Finland;4;D-HEV;0
1992;Finland;4;BEV;0,0000146
1992;Finland;4;CNG;0
1992;Finland;4;Diesel;0,050345019
1992;Finland;4;FCEV;0
1992;Finland;4;G-HEV;0
1992;Finland;4;G-PHEV;0
1992;Finland;4;Gasoline;0,949640393
1992;Finland;4;LPG;0
1992;Finland;4;D-HEV;0
1993;Finland;4;BEV;0
1993;Finland;4;CNG;0
1993;Finland;4;Diesel;0,07826632
1993;Finland;4;FCEV;0
1993;Finland;4;G-HEV;0
1993;Finland;4;G-PHEV;0
1993;Finland;4;Gasoline;0,92173368
1993;Finland;4;LPG;0
1993;Finland;4;D-HEV;0
1994;Finland;4;BEV;0
1994;Finland;4;CNG;0
1994;Finland;4;Diesel;0,055729167
1994;Finland;4;FCEV;0
1994;Finland;4;G-HEV;0
1994;Finland;4;G-PHEV;0
1994;Finland;4;Gasoline;0,944270833
1994;Finland;4;LPG;0
1994;Finland;4;D-HEV;0
1995;Finland;4;BEV;0
1995;Finland;4;CNG;0
1995;Finland;4;Diesel;0,06889473
1995;Finland;4;FCEV;0
1995;Finland;4;G-HEV;0
1995;Finland;4;G-PHEV;0
1995;Finland;4;Gasoline;0,93110527
1995;Finland;4;LPG;0
1995;Finland;4;D-HEV;0
1996;Finland;4;BEV;0,0000209
1996;Finland;4;CNG;0
1996;Finland;4;Diesel;0,13512611
1996;Finland;4;FCEV;0
1996;Finland;4;G-HEV;0
1996;Finland;4;G-PHEV;0
1996;Finland;4;Gasoline;0,864853019
1996;Finland;4;LPG;0
1996;Finland;4;D-HEV;0
1997;Finland;4;BEV;0
1997;Finland;4;CNG;0
1997;Finland;4;Diesel;0,1462131
1997;Finland;4;FCEV;0
1997;Finland;4;G-HEV;0
1997;Finland;4;G-PHEV;0
1997;Finland;4;Gasoline;0,8537869
1997;Finland;4;LPG;0
1997;Finland;4;D-HEV;0
1998;Finland;4;BEV;0
1998;Finland;4;CNG;0
1998;Finland;4;Diesel;0,156858847
1998;Finland;4;FCEV;0
1998;Finland;4;G-HEV;0
1998;Finland;4;G-PHEV;0
1998;Finland;4;Gasoline;0,843141153
1998;Finland;4;LPG;0
1998;Finland;4;D-HEV;0
1999;Finland;4;BEV;0,000022
1999;Finland;4;CNG;0
1999;Finland;4;Diesel;0,161564813
1999;Finland;4;FCEV;0
1999;Finland;4;G-HEV;0
1999;Finland;4;G-PHEV;0
1999;Finland;4;Gasoline;0,83841318
1999;Finland;4;LPG;0
1999;Finland;4;D-HEV;0
2000;Finland;4;BEV;0
2000;Finland;4;CNG;0
2000;Finland;4;Diesel;0,195612282
2000;Finland;4;FCEV;0
2000;Finland;4;G-HEV;0
2000;Finland;4;G-PHEV;0
2000;Finland;4;Gasoline;0,804387718
2000;Finland;4;LPG;0
2000;Finland;4;D-HEV;0
2001;Finland;4;BEV;0
2001;Finland;4;CNG;0
2001;Finland;4;Diesel;0,164637935
2001;Finland;4;FCEV;0
2001;Finland;4;G-HEV;0
2001;Finland;4;G-PHEV;0
2001;Finland;4;Gasoline;0,835362065
2001;Finland;4;LPG;0
2001;Finland;4;D-HEV;0
2002;Finland;4;BEV;0
2002;Finland;4;CNG;0
2002;Finland;4;Diesel;0,155477515
2002;Finland;4;FCEV;0
2002;Finland;4;G-HEV;0
2002;Finland;4;G-PHEV;0
2002;Finland;4;Gasoline;0,844522485
2002;Finland;4;LPG;0
2002;Finland;4;D-HEV;0
2003;Finland;4;BEV;0
2003;Finland;4;CNG;0
2003;Finland;4;Diesel;0,151705517
2003;Finland;4;FCEV;0
2003;Finland;4;G-HEV;0
2003;Finland;4;G-PHEV;0
2003;Finland;4;Gasoline;0,848294483
2003;Finland;4;LPG;0
2003;Finland;4;D-HEV;0
2004;Finland;4;BEV;0
2004;Finland;4;CNG;0
2004;Finland;4;Diesel;0,15495762
2004;Finland;4;FCEV;0
2004;Finland;4;G-HEV;0
2004;Finland;4;G-PHEV;0
2004;Finland;4;Gasoline;0,84504238
2004;Finland;4;LPG;0
2004;Finland;4;D-HEV;0
2005;Finland;4;BEV;0
2005;Finland;4;CNG;0
2005;Finland;4;Diesel;0,169670217
2005;Finland;4;FCEV;0
2005;Finland;4;G-HEV;0
2005;Finland;4;G-PHEV;0
2005;Finland;4;Gasoline;0,830329783
2005;Finland;4;LPG;0
2005;Finland;4;D-HEV;0
2006;Finland;4;BEV;0
2006;Finland;4;CNG;0
2006;Finland;4;Diesel;0,2
2006;Finland;4;FCEV;0
2006;Finland;4;G-HEV;0,001
2006;Finland;4;G-PHEV;0
2006;Finland;4;Gasoline;0,799
2006;Finland;4;LPG;0
2006;Finland;4;D-HEV;0
2007;Finland;4;BEV;0
2007;Finland;4;CNG;0
2007;Finland;4;Diesel;0,280280561
2007;Finland;4;FCEV;0
2007;Finland;4;G-HEV;0,001
2007;Finland;4;G-PHEV;0
2007;Finland;4;Gasoline;0,718719439
2007;Finland;4;LPG;0
2007;Finland;4;D-HEV;0
2008;Finland;4;BEV;0,0000358
2008;Finland;4;CNG;0
2008;Finland;4;Diesel;0,489982352
2008;Finland;4;FCEV;0
2008;Finland;4;G-HEV;0,006
2008;Finland;4;G-PHEV;0
2008;Finland;4;Gasoline;0,503981848
2008;Finland;4;LPG;0
2008;Finland;4;D-HEV;0
2009;Finland;4;BEV;0,000011
2009;Finland;4;CNG;0
2009;Finland;4;Diesel;0,46139164
2009;Finland;4;FCEV;0
2009;Finland;4;G-HEV;0,009
2009;Finland;4;G-PHEV;0
2009;Finland;4;Gasoline;0,52959736
2009;Finland;4;LPG;0
2009;Finland;4;D-HEV;0
2010;Finland;4;BEV;0,000134305
2010;Finland;4;CNG;0
2010;Finland;4;Diesel;0,411232075
2010;Finland;4;FCEV;0
2010;Finland;4;G-HEV;0,01
2010;Finland;4;G-PHEV;0
2010;Finland;4;Gasoline;0,57863362
2010;Finland;4;LPG;0
2010;Finland;4;D-HEV;0
2011;Finland;4;BEV;0,000238965
2011;Finland;4;CNG;0
2011;Finland;4;Diesel;0,421152199
2011;Finland;4;FCEV;0
2011;Finland;4;G-HEV;0,009
2011;Finland;4;G-PHEV;0,000251172
2011;Finland;4;Gasoline;0,569357664
2011;Finland;4;LPG;0
2011;Finland;4;D-HEV;0
2012;Finland;4;BEV;0,000462257
2012;Finland;4;CNG;0
2012;Finland;4;Diesel;0,394372963
2012;Finland;4;FCEV;0
2012;Finland;4;G-HEV;0,013
2012;Finland;4;G-PHEV;0,000504214
2012;Finland;4;Gasoline;0,591660566
2012;Finland;4;LPG;0
2012;Finland;4;D-HEV;0
2013;Finland;4;BEV;0,000482058
2013;Finland;4;CNG;0
2013;Finland;4;Diesel;0,37214192
2013;Finland;4;FCEV;0
2013;Finland;4;G-HEV;0,022
2013;Finland;4;G-PHEV;0,000997427
2013;Finland;4;Gasoline;0,604378595
2013;Finland;4;LPG;0
2013;Finland;4;D-HEV;0
2014;Finland;4;BEV;0,001708707
2014;Finland;4;CNG;0
2014;Finland;4;Diesel;0,392541212
2014;Finland;4;FCEV;0
2014;Finland;4;G-HEV;0,022
2014;Finland;4;G-PHEV;0,001983874
2014;Finland;4;Gasoline;0,581766207
2014;Finland;4;LPG;0
2014;Finland;4;D-HEV;0
2015;Finland;4;BEV;0,002234556
2015;Finland;4;CNG;0,001000667
2015;Finland;4;Diesel;0,360620036
2015;Finland;4;FCEV;0,000100067
2015;Finland;4;G-HEV;0,026
2015;Finland;4;G-PHEV;0,00400267
2015;Finland;4;Gasoline;0,606042004
2015;Finland;4;LPG;0
2015;Finland;4;D-HEV;0
2016;Finland;4;BEV;0,001873998
2016;Finland;4;CNG;0,001000026
2016;Finland;4;Diesel;0,332099773
2016;Finland;4;FCEV;0,000100003
2016;Finland;4;G-HEV;0,034
2016;Finland;4;G-PHEV;0,010000261
2016;Finland;4;Gasoline;0,620925939
2016;Finland;4;LPG;0
2016;Finland;4;D-HEV;0
2017;Finland;4;BEV;0,004226699
2017;Finland;4;CNG;0,003993877
2017;Finland;4;Diesel;0,29950452
2017;Finland;4;FCEV;0,000299541
2017;Finland;4;G-HEV;0,071
2017;Finland;4;G-PHEV;0,021966322
2017;Finland;4;Gasoline;0,599009041
2017;Finland;4;LPG;0
2017;Finland;4;D-HEV;0
2018;Finland;4;BEV;0,0064406
2018;Finland;4;CNG;0,010001605
2018;Finland;4;Diesel;0,240323888
2018;Finland;4;FCEV;0,000400064
2018;Finland;4;G-HEV;0,088
2018;Finland;4;G-PHEV;0,041006579
2018;Finland;4;Gasoline;0,613827264
2018;Finland;4;LPG;0
2018;Finland;4;D-HEV;0
2019;Finland;4;BEV;0,016614059
2019;Finland;4;CNG;0,019003593
2019;Finland;4;Diesel;0,193172079
2019;Finland;4;FCEV;0,000200038
2019;Finland;4;G-HEV;0,11
2019;Finland;4;G-PHEV;0,052009834
2019;Finland;4;Gasoline;0,609000397
2019;Finland;4;LPG;0
2019;Finland;4;D-HEV;0
2020;Finland;4;BEV;0,044026295
2020;Finland;4;CNG;0,019099475
2020;Finland;4;Diesel;0,148795112
2020;Finland;4;FCEV;0,0001
2020;Finland;4;G-HEV;0,13
2020;Finland;4;G-PHEV;0,137196226
2020;Finland;4;Gasoline;0,520782892
2020;Finland;4;LPG;0
2020;Finland;4;D-HEV;0
2021;Finland;4;BEV;0,103084514
2021;Finland;4;CNG;0,009200159
2021;Finland;4;Diesel;0,081837368
2021;Finland;4;FCEV;0,000200003
2021;Finland;4;G-HEV;0,148
2021;Finland;4;G-PHEV;0,204503531
2021;Finland;4;Gasoline;0,453174425
2021;Finland;4;LPG;0
2021;Finland;4;D-HEV;0
2022;Finland;4;BEV;0,199025221
2022;Finland;4;CNG;0
2022;Finland;4;D-HEV;0
2022;Finland;4;Diesel;0,095180448
2022;Finland;4;FCEV;0
2022;Finland;4;G-HEV;0,068495252
2022;Finland;4;G-PHEV;0,042877433
2022;Finland;4;Gasoline;0,594421645
2022;Finland;4;LPG;0
2023;Finland;4;BEV;0,31191092
2023;Finland;4;CNG;0
2023;Finland;4;D-HEV;0
2023;Finland;4;Diesel;0,066755231
2023;Finland;4;FCEV;0
2023;Finland;4;G-HEV;0,148168792
2023;Finland;4;G-PHEV;0,122796469
2023;Finland;4;Gasoline;0,350368588
2023;Finland;4;LPG;0
2024;Finland;4;BEV;0,420468514
2024;Finland;4;CNG;0
2024;Finland;4;D-HEV;0
2024;Finland;4;Diesel;0,038344062
2024;Finland;4;FCEV;0
2024;Finland;4;G-HEV;0,07467238
2024;Finland;4;G-PHEV;0,051841896
2024;Finland;4;Gasoline;0,414673149
2024;Finland;4;LPG;0
2025;Finland;4;BEV;0,48164609
2025;Finland;4;CNG;0
2025;Finland;4;D-HEV;0
2025;Finland;4;Diesel;0,009946926
2025;Finland;4;FCEV;0
2025;Finland;4;G-HEV;0,047769726
2025;Finland;4;G-PHEV;0,056357588
2025;Finland;4;Gasoline;0,40427967
2025;Finland;4;LPG;0
2026;Finland;4;BEV;0,538992492
2026;Finland;4;CNG;0
2026;Finland;4;D-HEV;0
2026;Finland;4;Diesel;0
2026;Finland;4;FCEV;0,000266355
2026;Finland;4;G-HEV;0,049985886
2026;Finland;4;G-PHEV;0,26876081
2026;Finland;4;Gasoline;0,141994458
2026;Finland;4;LPG;0
2027;Finland;4;BEV;0,601064992
2027;Finland;4;CNG;0
2027;Finland;4;D-HEV;0
2027;Finland;4;Diesel;0
2027;Finland;4;FCEV;0,001064135
2027;Finland;4;G-HEV;0,019187641
2027;Finland;4;G-PHEV;0,22338927
2027;Finland;4;Gasoline;0,155293962
2027;Finland;4;LPG;0
2028;Finland;4;BEV;0,634305512
2028;Finland;4;CNG;0
2028;Finland;4;D-HEV;0
2028;Finland;4;Diesel;0
2028;Finland;4;FCEV;0,000266355
2028;Finland;4;G-HEV;0,001404334
2028;Finland;4;G-PHEV;0,2215366
2028;Finland;4;Gasoline;0,1424872
2028;Finland;4;LPG;0
2029;Finland;4;BEV;0,758040075
2029;Finland;4;CNG;0
2029;Finland;4;D-HEV;0
2029;Finland;4;Diesel;0
2029;Finland;4;FCEV;0,000266355
2029;Finland;4;G-HEV;0
2029;Finland;4;G-PHEV;0,189038376
2029;Finland;4;Gasoline;0,052655195
2029;Finland;4;LPG;0
2030;Finland;4;BEV;0,797347925
2030;Finland;4;CNG;0
2030;Finland;4;D-HEV;0
2030;Finland;4;Diesel;0
2030;Finland;4;FCEV;0,000266355
2030;Finland;4;G-HEV;0
2030;Finland;4;G-PHEV;0,152251511
2030;Finland;4;Gasoline;0,050134209
2030;Finland;4;LPG;0
2031;Finland;4;BEV;0,876502783
2031;Finland;4;CNG;0
2031;Finland;4;D-HEV;0
2031;Finland;4;Diesel;0
2031;Finland;4;FCEV;0,000266355
2031;Finland;4;G-HEV;0
2031;Finland;4;G-PHEV;0,113556111
2031;Finland;4;Gasoline;0,009674752
2031;Finland;4;LPG;0
2032;Finland;4;BEV;0,990714513
2032;Finland;4;CNG;0
2032;Finland;4;D-HEV;0
2032;Finland;4;Diesel;0
2032;Finland;4;FCEV;0,002513657
2032;Finland;4;G-HEV;0
2032;Finland;4;G-PHEV;0
2032;Finland;4;Gasoline;0,00677183
2032;Finland;4;LPG;0
2033;Finland;4;BEV;0,993094818
2033;Finland;4;CNG;0
2033;Finland;4;D-HEV;0
2033;Finland;4;Diesel;0
2033;Finland;4;FCEV;0,002513657
2033;Finland;4;G-HEV;0
2033;Finland;4;G-PHEV;0
2033;Finland;4;Gasoline;0,004391525
2033;Finland;4;LPG;0
2034;Finland;4;BEV;0,996477399
2034;Finland;4;CNG;0
2034;Finland;4;D-HEV;0
2034;Finland;4;Diesel;0
2034;Finland;4;FCEV;0,003522601
2034;Finland;4;G-HEV;0
2034;Finland;4;G-PHEV;0
2034;Finland;4;Gasoline;0
2034;Finland;4;LPG;0
2035;Finland;4;BEV;0,996227096
2035;Finland;4;CNG;0
2035;Finland;4;D-HEV;0
2035;Finland;4;Diesel;0
2035;Finland;4;FCEV;0,003772904
2035;Finland;4;G-HEV;0
2035;Finland;4;G-PHEV;0
2035;Finland;4;Gasoline;0
2035;Finland;4;LPG;0
2036;Finland;4;BEV;0,996227096
2036;Finland;4;CNG;0
2036;Finland;4;D-HEV;0
2036;Finland;4;Diesel;0
2036;Finland;4;FCEV;0,003772904
2036;Finland;4;G-HEV;0
2036;Finland;4;G-PHEV;0
2036;Finland;4;Gasoline;0
2036;Finland;4;LPG;0
2037;Finland;4;BEV;0,993641317
2037;Finland;4;CNG;0
2037;Finland;4;D-HEV;0
2037;Finland;4;Diesel;0
2037;Finland;4;FCEV;0,006358683
2037;Finland;4;G-HEV;0
2037;Finland;4;G-PHEV;0
2037;Finland;4;Gasoline;0
2037;Finland;4;LPG;0
2038;Finland;4;BEV;0,992947945
2038;Finland;4;CNG;0
2038;Finland;4;D-HEV;0
2038;Finland;4;Diesel;0
2038;Finland;4;FCEV;0,007052055
2038;Finland;4;G-HEV;0
2038;Finland;4;G-PHEV;0
2038;Finland;4;Gasoline;0
2038;Finland;4;LPG;0
2039;Finland;4;BEV;0,992947945
2039;Finland;4;CNG;0
2039;Finland;4;D-HEV;0
2039;Finland;4;Diesel;0
2039;Finland;4;FCEV;0,007052055
2039;Finland;4;G-HEV;0
2039;Finland;4;G-PHEV;0
2039;Finland;4;Gasoline;0
2039;Finland;4;LPG;0
2040;Finland;4;BEV;0,991602833
2040;Finland;4;CNG;0
2040;Finland;4;D-HEV;0
2040;Finland;4;Diesel;0
2040;Finland;4;FCEV;0,008397167
2040;Finland;4;G-HEV;0
2040;Finland;4;G-PHEV;0
2040;Finland;4;Gasoline;0
2040;Finland;4;LPG;0
2041;Finland;4;BEV;0,991602833
2041;Finland;4;CNG;0
2041;Finland;4;D-HEV;0
2041;Finland;4;Diesel;0
2041;Finland;4;FCEV;0,008397167
2041;Finland;4;G-HEV;0
2041;Finland;4;G-PHEV;0
2041;Finland;4;Gasoline;0
2041;Finland;4;LPG;0
2042;Finland;4;BEV;0,991602833
2042;Finland;4;CNG;0
2042;Finland;4;D-HEV;0
2042;Finland;4;Diesel;0
2042;Finland;4;FCEV;0,008397167
2042;Finland;4;G-HEV;0
2042;Finland;4;G-PHEV;0
2042;Finland;4;Gasoline;0
2042;Finland;4;LPG;0
2043;Finland;4;BEV;0,991602833
2043;Finland;4;CNG;0
2043;Finland;4;D-HEV;0
2043;Finland;4;Diesel;0
2043;Finland;4;FCEV;0,008397167
2043;Finland;4;G-HEV;0
2043;Finland;4;G-PHEV;0
2043;Finland;4;Gasoline;0
2043;Finland;4;LPG;0
2044;Finland;4;BEV;0,991602833
2044;Finland;4;CNG;0
2044;Finland;4;D-HEV;0
2044;Finland;4;Diesel;0
2044;Finland;4;FCEV;0,008397167
2044;Finland;4;G-HEV;0
2044;Finland;4;G-PHEV;0
2044;Finland;4;Gasoline;0
2044;Finland;4;LPG;0
2045;Finland;4;BEV;0,991602833
2045;Finland;4;CNG;0
2045;Finland;4;D-HEV;0
2045;Finland;4;Diesel;0
2045;Finland;4;FCEV;0,008397167
2045;Finland;4;G-HEV;0
2045;Finland;4;G-PHEV;0
2045;Finland;4;Gasoline;0
2045;Finland;4;LPG;0
2046;Finland;4;BEV;0,991493477
2046;Finland;4;CNG;0
2046;Finland;4;D-HEV;0
2046;Finland;4;Diesel;0
2046;Finland;4;FCEV;0,008506523
2046;Finland;4;G-HEV;0
2046;Finland;4;G-PHEV;0
2046;Finland;4;Gasoline;0
2046;Finland;4;LPG;0
2047;Finland;4;BEV;0,991493477
2047;Finland;4;CNG;0
2047;Finland;4;D-HEV;0
2047;Finland;4;Diesel;0
2047;Finland;4;FCEV;0,008506523
2047;Finland;4;G-HEV;0
2047;Finland;4;G-PHEV;0
2047;Finland;4;Gasoline;0
2047;Finland;4;LPG;0
2048;Finland;4;BEV;0,991493477
2048;Finland;4;CNG;0
2048;Finland;4;D-HEV;0
2048;Finland;4;Diesel;0
2048;Finland;4;FCEV;0,008506523
2048;Finland;4;G-HEV;0
2048;Finland;4;G-PHEV;0
2048;Finland;4;Gasoline;0
2048;Finland;4;LPG;0
2049;Finland;4;BEV;0,991493477
2049;Finland;4;CNG;0
2049;Finland;4;D-HEV;0
2049;Finland;4;Diesel;0
2049;Finland;4;FCEV;0,008506523
2049;Finland;4;G-HEV;0
2049;Finland;4;G-PHEV;0
2049;Finland;4;Gasoline;0
2049;Finland;4;LPG;0
2050;Finland;4;BEV;0,991493477
2050;Finland;4;CNG;0
2050;Finland;4;D-HEV;0
2050;Finland;4;Diesel;0
2050;Finland;4;FCEV;0,008506523
2050;Finland;4;G-HEV;0
2050;Finland;4;G-PHEV;0
2050;Finland;4;Gasoline;0
2050;Finland;4;LPG;0
1970;France;7;BEV;0
1970;France;7;CNG;0
1970;France;7;Diesel;0,073469268
1970;France;7;FCEV;0
1970;France;7;G-HEV;0
1970;France;7;G-PHEV;0
1970;France;7;Gasoline;0,926530732
1970;France;7;LPG;0
1970;France;7;D-HEV;0
1971;France;7;BEV;0
1971;France;7;CNG;0
1971;France;7;Diesel;0,073469268
1971;France;7;FCEV;0
1971;France;7;G-HEV;0
1971;France;7;G-PHEV;0
1971;France;7;Gasoline;0,926530732
1971;France;7;LPG;0
1971;France;7;D-HEV;0
1972;France;7;BEV;0
1972;France;7;CNG;0
1972;France;7;Diesel;0,073469268
1972;France;7;FCEV;0
1972;France;7;G-HEV;0
1972;France;7;G-PHEV;0
1972;France;7;Gasoline;0,926530732
1972;France;7;LPG;0
1972;France;7;D-HEV;0
1973;France;7;BEV;0
1973;France;7;CNG;0
1973;France;7;Diesel;0,073469268
1973;France;7;FCEV;0
1973;France;7;G-HEV;0
1973;France;7;G-PHEV;0
1973;France;7;Gasoline;0,926530732
1973;France;7;LPG;0
1973;France;7;D-HEV;0
1974;France;7;BEV;0
1974;France;7;CNG;0
1974;France;7;Diesel;0,073469268
1974;France;7;FCEV;0
1974;France;7;G-HEV;0
1974;France;7;G-PHEV;0
1974;France;7;Gasoline;0,926530732
1974;France;7;LPG;0
1974;France;7;D-HEV;0
1975;France;7;BEV;0
1975;France;7;CNG;0
1975;France;7;Diesel;0,073469268
1975;France;7;FCEV;0
1975;France;7;G-HEV;0
1975;France;7;G-PHEV;0
1975;France;7;Gasoline;0,926530732
1975;France;7;LPG;0
1975;France;7;D-HEV;0
1976;France;7;BEV;0
1976;France;7;CNG;0
1976;France;7;Diesel;0,073469268
1976;France;7;FCEV;0
1976;France;7;G-HEV;0
1976;France;7;G-PHEV;0
1976;France;7;Gasoline;0,926530732
1976;France;7;LPG;0
1976;France;7;D-HEV;0
1977;France;7;BEV;0
1977;France;7;CNG;0
1977;France;7;Diesel;0,073469268
1977;France;7;FCEV;0
1977;France;7;G-HEV;0
1977;France;7;G-PHEV;0
1977;France;7;Gasoline;0,926530732
1977;France;7;LPG;0
1977;France;7;D-HEV;0
1978;France;7;BEV;0
1978;France;7;CNG;0
1978;France;7;Diesel;0,073469268
1978;France;7;FCEV;0
1978;France;7;G-HEV;0
1978;France;7;G-PHEV;0
1978;France;7;Gasoline;0,926530732
1978;France;7;LPG;0
1978;France;7;D-HEV;0
1979;France;7;BEV;0
1979;France;7;CNG;0
1979;France;7;Diesel;0,073469268
1979;France;7;FCEV;0
1979;France;7;G-HEV;0
1979;France;7;G-PHEV;0
1979;France;7;Gasoline;0,926530732
1979;France;7;LPG;0
1979;France;7;D-HEV;0
1980;France;7;BEV;0
1980;France;7;CNG;0
1980;France;7;Diesel;0,099314436
1980;France;7;FCEV;0
1980;France;7;G-HEV;0
1980;France;7;G-PHEV;0
1980;France;7;Gasoline;0,900685564
1980;France;7;LPG;0
1980;France;7;D-HEV;0
1981;France;7;BEV;0
1981;France;7;CNG;0
1981;France;7;Diesel;0,117331627
1981;France;7;FCEV;0
1981;France;7;G-HEV;0
1981;France;7;G-PHEV;0
1981;France;7;Gasoline;0,882668373
1981;France;7;LPG;0
1981;France;7;D-HEV;0
1982;France;7;BEV;0
1982;France;7;CNG;0
1982;France;7;Diesel;0,107614917
1982;France;7;FCEV;0
1982;France;7;G-HEV;0
1982;France;7;G-PHEV;0
1982;France;7;Gasoline;0,892385083
1982;France;7;LPG;0
1982;France;7;D-HEV;0
1983;France;7;BEV;0
1983;France;7;CNG;0
1983;France;7;Diesel;0,095068588
1983;France;7;FCEV;0
1983;France;7;G-HEV;0
1983;France;7;G-PHEV;0
1983;France;7;Gasoline;0,904931412
1983;France;7;LPG;0
1983;France;7;D-HEV;0
1984;France;7;BEV;0
1984;France;7;CNG;0
1984;France;7;Diesel;0,136752968
1984;France;7;FCEV;0
1984;France;7;G-HEV;0
1984;France;7;G-PHEV;0
1984;France;7;Gasoline;0,863247032
1984;France;7;LPG;0
1984;France;7;D-HEV;0
1985;France;7;BEV;0
1985;France;7;CNG;0
1985;France;7;Diesel;0,149891187
1985;France;7;FCEV;0
1985;France;7;G-HEV;0
1985;France;7;G-PHEV;0
1985;France;7;Gasoline;0,850108813
1985;France;7;LPG;0
1985;France;7;D-HEV;0
1986;France;7;BEV;0
1986;France;7;CNG;0
1986;France;7;Diesel;0,156642276
1986;France;7;FCEV;0
1986;France;7;G-HEV;0
1986;France;7;G-PHEV;0
1986;France;7;Gasoline;0,843357724
1986;France;7;LPG;0
1986;France;7;D-HEV;0
1987;France;7;BEV;0
1987;France;7;CNG;0
1987;France;7;Diesel;0,182460882
1987;France;7;FCEV;0
1987;France;7;G-HEV;0
1987;France;7;G-PHEV;0
1987;France;7;Gasoline;0,817539118
1987;France;7;LPG;0
1987;France;7;D-HEV;0
1988;France;7;BEV;0
1988;France;7;CNG;0
1988;France;7;Diesel;0,235610687
1988;France;7;FCEV;0
1988;France;7;G-HEV;0
1988;France;7;G-PHEV;0
1988;France;7;Gasoline;0,764389313
1988;France;7;LPG;0
1988;France;7;D-HEV;0
1989;France;7;BEV;0
1989;France;7;CNG;0
1989;France;7;Diesel;0,298176983
1989;France;7;FCEV;0
1989;France;7;G-HEV;0
1989;France;7;G-PHEV;0
1989;France;7;Gasoline;0,701823017
1989;France;7;LPG;0
1989;France;7;D-HEV;0
1990;France;7;BEV;0
1990;France;7;CNG;0
1990;France;7;Diesel;0,330017799
1990;France;7;FCEV;0
1990;France;7;G-HEV;0
1990;France;7;G-PHEV;0
1990;France;7;Gasoline;0,669982201
1990;France;7;LPG;0
1990;France;7;D-HEV;0
1991;France;7;BEV;0
1991;France;7;CNG;0
1991;France;7;Diesel;0,384251952
1991;France;7;FCEV;0
1991;France;7;G-HEV;0
1991;France;7;G-PHEV;0
1991;France;7;Gasoline;0,615748048
1991;France;7;LPG;0
1991;France;7;D-HEV;0
1992;France;7;BEV;0
1992;France;7;CNG;0
1992;France;7;Diesel;0,389722183
1992;France;7;FCEV;0
1992;France;7;G-HEV;0
1992;France;7;G-PHEV;0
1992;France;7;Gasoline;0,610277817
1992;France;7;LPG;0
1992;France;7;D-HEV;0
1993;France;7;BEV;0
1993;France;7;CNG;0
1993;France;7;Diesel;0,455051121
1993;France;7;FCEV;0
1993;France;7;G-HEV;0
1993;France;7;G-PHEV;0
1993;France;7;Gasoline;0,544948879
1993;France;7;LPG;0
1993;France;7;D-HEV;0
1994;France;7;BEV;0
1994;France;7;CNG;0
1994;France;7;Diesel;0,476427061
1994;France;7;FCEV;0
1994;France;7;G-HEV;0
1994;France;7;G-PHEV;0
1994;France;7;Gasoline;0,523572939
1994;France;7;LPG;0
1994;France;7;D-HEV;0
1995;France;7;BEV;0
1995;France;7;CNG;0
1995;France;7;Diesel;0,465007066
1995;France;7;FCEV;0
1995;France;7;G-HEV;0
1995;France;7;G-PHEV;0
1995;France;7;Gasoline;0,534992934
1995;France;7;LPG;0
1995;France;7;D-HEV;0
1996;France;7;BEV;0
1996;France;7;CNG;0
1996;France;7;Diesel;0,392354266
1996;France;7;FCEV;0
1996;France;7;G-HEV;0
1996;France;7;G-PHEV;0
1996;France;7;Gasoline;0,607645734
1996;France;7;LPG;0
1996;France;7;D-HEV;0
1997;France;7;BEV;0
1997;France;7;CNG;0
1997;France;7;Diesel;0,418051639
1997;France;7;FCEV;0
1997;France;7;G-HEV;0
1997;France;7;G-PHEV;0
1997;France;7;Gasoline;0,581948361
1997;France;7;LPG;0
1997;France;7;D-HEV;0
1998;France;7;BEV;0
1998;France;7;CNG;0
1998;France;7;Diesel;0,401832623
1998;France;7;FCEV;0
1998;France;7;G-HEV;0
1998;France;7;G-PHEV;0
1998;France;7;Gasoline;0,598167377
1998;France;7;LPG;0
1998;France;7;D-HEV;0
1999;France;7;BEV;0
1999;France;7;CNG;0
1999;France;7;Diesel;0,441016038
1999;France;7;FCEV;0
1999;France;7;G-HEV;0
1999;France;7;G-PHEV;0
1999;France;7;Gasoline;0,558983962
1999;France;7;LPG;0
1999;France;7;D-HEV;0
2000;France;7;BEV;0
2000;France;7;CNG;0
2000;France;7;Diesel;0,490413256
2000;France;7;FCEV;0
2000;France;7;G-HEV;0
2000;France;7;G-PHEV;0
2000;France;7;Gasoline;0,509586744
2000;France;7;LPG;0
2000;France;7;D-HEV;0
2001;France;7;BEV;0,0002
2001;France;7;CNG;0
2001;France;7;Diesel;0,56
2001;France;7;FCEV;0
2001;France;7;G-HEV;0
2001;France;7;G-PHEV;0
2001;France;7;Gasoline;0,4398
2001;France;7;LPG;0
2001;France;7;D-HEV;0
2002;France;7;BEV;0,0001
2002;France;7;CNG;0
2002;France;7;Diesel;0,63
2002;France;7;FCEV;0
2002;France;7;G-HEV;0
2002;France;7;G-PHEV;0
2002;France;7;Gasoline;0,3699
2002;France;7;LPG;0
2002;France;7;D-HEV;0
2003;France;7;BEV;0,0001
2003;France;7;CNG;0
2003;France;7;Diesel;0,67
2003;France;7;FCEV;0
2003;France;7;G-HEV;0
2003;France;7;G-PHEV;0
2003;France;7;Gasoline;0,3299
2003;France;7;LPG;0
2003;France;7;D-HEV;0
2004;France;7;BEV;0,0002
2004;France;7;CNG;0
2004;France;7;Diesel;0,69
2004;France;7;FCEV;0
2004;France;7;G-HEV;0
2004;France;7;G-PHEV;0
2004;France;7;Gasoline;0,3098
2004;France;7;LPG;0
2004;France;7;D-HEV;0
2005;France;7;BEV;0
2005;France;7;CNG;0
2005;France;7;Diesel;0,69
2005;France;7;FCEV;0
2005;France;7;G-HEV;0,001
2005;France;7;G-PHEV;0
2005;France;7;Gasoline;0,309
2005;France;7;LPG;0
2005;France;7;D-HEV;0
2006;France;7;BEV;0
2006;France;7;CNG;0
2006;France;7;Diesel;0,71
2006;France;7;FCEV;0
2006;France;7;G-HEV;0,003
2006;France;7;G-PHEV;0
2006;France;7;Gasoline;0,287
2006;France;7;LPG;0
2006;France;7;D-HEV;0
2007;France;7;BEV;0
2007;France;7;CNG;0
2007;France;7;Diesel;0,741482966
2007;France;7;FCEV;0
2007;France;7;G-HEV;0,003006012
2007;France;7;G-PHEV;0
2007;France;7;Gasoline;0,255511022
2007;France;7;LPG;0
2007;France;7;D-HEV;0
2008;France;7;BEV;0
2008;France;7;CNG;0
2008;France;7;Diesel;0,771543086
2008;France;7;FCEV;0
2008;France;7;G-HEV;0,004008016
2008;France;7;G-PHEV;0
2008;France;7;Gasoline;0,224448898
2008;France;7;LPG;0
2008;France;7;D-HEV;0
2009;France;7;BEV;0
2009;France;7;CNG;0,0001
2009;France;7;Diesel;0,700700701
2009;France;7;FCEV;0
2009;France;7;G-HEV;0,004004004
2009;France;7;G-PHEV;0
2009;France;7;Gasoline;0,295195295
2009;France;7;LPG;0
2009;France;7;D-HEV;0
2010;France;7;BEV;0,0001002
2010;France;7;CNG;0,0002
2010;France;7;Diesel;0,701402806
2010;France;7;FCEV;0
2010;France;7;G-HEV;0,004008016
2010;France;7;G-PHEV;0
2010;France;7;Gasoline;0,294288978
2010;France;7;LPG;0
2010;France;7;D-HEV;0
2011;France;7;BEV;0,001078235
2011;France;7;CNG;0,0001
2011;France;7;Diesel;0,722166499
2011;France;7;FCEV;0
2011;France;7;G-HEV;0,006018054
2011;France;7;G-PHEV;0,000125376
2011;France;7;Gasoline;0,270511836
2011;France;7;LPG;0
2011;France;7;D-HEV;0
2012;France;7;BEV;0,002961847
2012;France;7;CNG;0,000100402
2012;France;7;Diesel;0,732931727
2012;France;7;FCEV;0
2012;France;7;G-HEV;0,013052209
2012;France;7;G-PHEV;0,000251004
2012;France;7;Gasoline;0,250702811
2012;France;7;LPG;0
2012;France;7;D-HEV;0
2013;France;7;BEV;0,0047
2013;France;7;CNG;0,0018
2013;France;7;Diesel;0,66
2013;France;7;FCEV;0
2013;France;7;G-HEV;0,026
2013;France;7;G-PHEV;0,0005
2013;France;7;Gasoline;0,307
2013;France;7;LPG;0
2013;France;7;D-HEV;0
2014;France;7;BEV;0,005995204
2014;France;7;CNG;0,0015
2014;France;7;Diesel;0,629496403
2014;France;7;FCEV;0
2014;France;7;G-HEV;0,022981615
2014;France;7;G-PHEV;0,000999201
2014;France;7;Gasoline;0,339027577
2014;France;7;LPG;0
2014;France;7;D-HEV;0
2015;France;7;BEV;0,008996401
2015;France;7;CNG;0,0009
2015;France;7;Diesel;0,569772091
2015;France;7;FCEV;0
2015;France;7;G-HEV;0,021991204
2015;France;7;G-PHEV;0,0019992
2015;France;7;Gasoline;0,396141104
2015;France;7;LPG;0,0002
2015;France;7;D-HEV;0
2016;France;7;BEV;0,0110011
2016;France;7;CNG;0,0006
2016;France;7;Diesel;0,520052005
2016;France;7;FCEV;0
2016;France;7;G-HEV;0,0240024
2016;France;7;G-PHEV;0,0040004
2016;France;7;Gasoline;0,440044095
2016;France;7;LPG;0,0003
2016;France;7;D-HEV;0
2017;France;7;BEV;0,011995453
2017;France;7;CNG;0,0001
2017;France;7;Diesel;0,469821928
2017;France;7;FCEV;0
2017;France;7;G-HEV;0,029988634
2017;France;7;G-PHEV;0,005997727
2017;France;7;Gasoline;0,481596258
2017;France;7;LPG;0,0005
2017;France;7;D-HEV;0
2018;France;7;BEV;0,014014014
2018;France;7;CNG;0,0001
2018;France;7;Diesel;0,39039039
2018;France;7;FCEV;0
2018;France;7;G-HEV;0,037037037
2018;France;7;G-PHEV;0,006006006
2018;France;7;Gasoline;0,551452553
2018;France;7;LPG;0,001
2018;France;7;D-HEV;0
2019;France;7;BEV;0,019095849
2019;France;7;CNG;0,0001
2019;France;7;Diesel;0,351765643
2019;France;7;FCEV;0
2019;France;7;G-HEV;0,036181609
2019;France;7;G-PHEV;0,008040358
2019;France;7;Gasoline;0,583916541
2019;France;7;LPG;0,0009
2019;France;7;D-HEV;0
2020;France;7;BEV;0,067
2020;France;7;CNG;0,000181807
2020;France;7;Diesel;0,32
2020;France;7;FCEV;0
2020;France;7;G-HEV;0,052
2020;France;7;G-PHEV;0,045
2020;France;7;Gasoline;0,509318193
2020;France;7;LPG;0,0065
2020;France;7;D-HEV;0
2021;France;7;BEV;0,095
2021;France;7;CNG;0,000120555
2021;France;7;Diesel;0,25
2021;France;7;FCEV;0
2021;France;7;G-HEV;0,085
2021;France;7;G-PHEV;0,081
2021;France;7;Gasoline;0,467679445
2021;France;7;LPG;0,0212
2021;France;7;D-HEV;0
2022;France;7;BEV;0,059078575
2022;France;7;CNG;0
2022;France;7;D-HEV;0
2022;France;7;Diesel;0,22819993
2022;France;7;FCEV;0
2022;France;7;G-HEV;0,081771295
2022;France;7;G-PHEV;0,064727892
2022;France;7;Gasoline;0,566222307
2022;France;7;LPG;0
2023;France;7;BEV;0,120334462
2023;France;7;CNG;0
2023;France;7;D-HEV;0
2023;France;7;Diesel;0,188293872
2023;France;7;FCEV;0
2023;France;7;G-HEV;0,144216756
2023;France;7;G-PHEV;0,06136336
2023;France;7;Gasoline;0,48579155
2023;France;7;LPG;0
2024;France;7;BEV;0,187314645
2024;France;7;CNG;0
2024;France;7;D-HEV;0
2024;France;7;Diesel;0,148407536
2024;France;7;FCEV;0
2024;France;7;G-HEV;0,106642266
2024;France;7;G-PHEV;0,079232986
2024;France;7;Gasoline;0,478402568
2024;France;7;LPG;0
2025;France;7;BEV;0,264488667
2025;France;7;CNG;0
2025;France;7;D-HEV;0
2025;France;7;Diesel;0,108540901
2025;France;7;FCEV;0
2025;France;7;G-HEV;0,046389874
2025;France;7;G-PHEV;0,075114385
2025;France;7;Gasoline;0,505466173
2025;France;7;LPG;0
2026;France;7;BEV;0,420150433
2026;France;7;CNG;0
2026;France;7;D-HEV;0
2026;France;7;Diesel;0,068693949
2026;France;7;FCEV;0,000922405
2026;France;7;G-HEV;0,096856312
2026;France;7;G-PHEV;0,088291096
2026;France;7;Gasoline;0,325085806
2026;France;7;LPG;0
2027;France;7;BEV;0,447581107
2027;France;7;CNG;0
2027;France;7;D-HEV;0
2027;France;7;Diesel;0,02886666
2027;France;7;FCEV;0,001081151
2027;France;7;G-HEV;0,034621873
2027;France;7;G-PHEV;0,066695293
2027;France;7;Gasoline;0,421153915
2027;France;7;LPG;0
2028;France;7;BEV;0,553094938
2028;France;7;CNG;0
2028;France;7;D-HEV;0
2028;France;7;Diesel;0
2028;France;7;FCEV;0,000748828
2028;France;7;G-HEV;0,001698808
2028;France;7;G-PHEV;0,067354986
2028;France;7;Gasoline;0,37710244
2028;France;7;LPG;0
2029;France;7;BEV;0,637580765
2029;France;7;CNG;0
2029;France;7;D-HEV;0
2029;France;7;Diesel;0
2029;France;7;FCEV;0,000922405
2029;France;7;G-HEV;0,001698808
2029;France;7;G-PHEV;0,060066514
2029;France;7;Gasoline;0,299731508
2029;France;7;LPG;0
2030;France;7;BEV;0,711535397
2030;France;7;CNG;0
2030;France;7;D-HEV;0
2030;France;7;Diesel;0
2030;France;7;FCEV;0,001017346
2030;France;7;G-HEV;0
2030;France;7;G-PHEV;0,018963141
2030;France;7;Gasoline;0,268484116
2030;France;7;LPG;0
2031;France;7;BEV;0,812160955
2031;France;7;CNG;0
2031;France;7;D-HEV;0
2031;France;7;Diesel;0
2031;France;7;FCEV;0,001081151
2031;France;7;G-HEV;0
2031;France;7;G-PHEV;0
2031;France;7;Gasoline;0,186757893
2031;France;7;LPG;0
2032;France;7;BEV;0,855916817
2032;France;7;CNG;0
2032;France;7;D-HEV;0
2032;France;7;Diesel;0
2032;France;7;FCEV;0,001081151
2032;France;7;G-HEV;0
2032;France;7;G-PHEV;0
2032;France;7;Gasoline;0,143002031
2032;France;7;LPG;0
2033;France;7;BEV;0,885200512
2033;France;7;CNG;0
2033;France;7;D-HEV;0
2033;France;7;Diesel;0
2033;France;7;FCEV;0,001242078
2033;France;7;G-HEV;0
2033;France;7;G-PHEV;0
2033;France;7;Gasoline;0,113557411
2033;France;7;LPG;0
2034;France;7;BEV;0,936369906
2034;France;7;CNG;0
2034;France;7;D-HEV;0
2034;France;7;Diesel;0
2034;France;7;FCEV;0,001636319
2034;France;7;G-HEV;0
2034;France;7;G-PHEV;0
2034;France;7;Gasoline;0,061993776
2034;France;7;LPG;0
2035;France;7;BEV;0,998299876
2035;France;7;CNG;0
2035;France;7;D-HEV;0
2035;France;7;Diesel;0
2035;France;7;FCEV;0,001700124
2035;France;7;G-HEV;0
2035;France;7;G-PHEV;0
2035;France;7;Gasoline;0
2035;France;7;LPG;0
2036;France;7;BEV;0,998299876
2036;France;7;CNG;0
2036;France;7;D-HEV;0
2036;France;7;Diesel;0
2036;France;7;FCEV;0,001700124
2036;France;7;G-HEV;0
2036;France;7;G-PHEV;0
2036;France;7;Gasoline;0
2036;France;7;LPG;0
2037;France;7;BEV;0,997855655
2037;France;7;CNG;0
2037;France;7;D-HEV;0
2037;France;7;Diesel;0
2037;France;7;FCEV;0,002144345
2037;France;7;G-HEV;0
2037;France;7;G-PHEV;0
2037;France;7;Gasoline;0
2037;France;7;LPG;0
2038;France;7;BEV;0,997673627
2038;France;7;CNG;0
2038;France;7;D-HEV;0
2038;France;7;Diesel;0
2038;France;7;FCEV;0,002326373
2038;France;7;G-HEV;0
2038;France;7;G-PHEV;0
2038;France;7;Gasoline;0
2038;France;7;LPG;0
2039;France;7;BEV;0,997673627
2039;France;7;CNG;0
2039;France;7;D-HEV;0
2039;France;7;Diesel;0
2039;France;7;FCEV;0,002326373
2039;France;7;G-HEV;0
2039;France;7;G-PHEV;0
2039;France;7;Gasoline;0
2039;France;7;LPG;0
2040;France;7;BEV;0,995939025
2040;France;7;CNG;0
2040;France;7;D-HEV;0
2040;France;7;Diesel;0
2040;France;7;FCEV;0,004060975
2040;France;7;G-HEV;0
2040;France;7;G-PHEV;0
2040;France;7;Gasoline;0
2040;France;7;LPG;0
2041;France;7;BEV;0,995939025
2041;France;7;CNG;0
2041;France;7;D-HEV;0
2041;France;7;Diesel;0
2041;France;7;FCEV;0,004060975
2041;France;7;G-HEV;0
2041;France;7;G-PHEV;0
2041;France;7;Gasoline;0
2041;France;7;LPG;0
2042;France;7;BEV;0,995939025
2042;France;7;CNG;0
2042;France;7;D-HEV;0
2042;France;7;Diesel;0
2042;France;7;FCEV;0,004060975
2042;France;7;G-HEV;0
2042;France;7;G-PHEV;0
2042;France;7;Gasoline;0
2042;France;7;LPG;0
2043;France;7;BEV;0,995939025
2043;France;7;CNG;0
2043;France;7;D-HEV;0
2043;France;7;Diesel;0
2043;France;7;FCEV;0,004060975
2043;France;7;G-HEV;0
2043;France;7;G-PHEV;0
2043;France;7;Gasoline;0
2043;France;7;LPG;0
2044;France;7;BEV;0,995792928
2044;France;7;CNG;0
2044;France;7;D-HEV;0
2044;France;7;Diesel;0
2044;France;7;FCEV;0,004207072
2044;France;7;G-HEV;0
2044;France;7;G-PHEV;0
2044;France;7;Gasoline;0
2044;France;7;LPG;0
2045;France;7;BEV;0,995792928
2045;France;7;CNG;0
2045;France;7;D-HEV;0
2045;France;7;Diesel;0
2045;France;7;FCEV;0,004207072
2045;France;7;G-HEV;0
2045;France;7;G-PHEV;0
2045;France;7;Gasoline;0
2045;France;7;LPG;0
2046;France;7;BEV;0,995792928
2046;France;7;CNG;0
2046;France;7;D-HEV;0
2046;France;7;Diesel;0
2046;France;7;FCEV;0,004207072
2046;France;7;G-HEV;0
2046;France;7;G-PHEV;0
2046;France;7;Gasoline;0
2046;France;7;LPG;0
2047;France;7;BEV;0,995792928
2047;France;7;CNG;0
2047;France;7;D-HEV;0
2047;France;7;Diesel;0
2047;France;7;FCEV;0,004207072
2047;France;7;G-HEV;0
2047;France;7;G-PHEV;0
2047;France;7;Gasoline;0
2047;France;7;LPG;0
2048;France;7;BEV;0,995792928
2048;France;7;CNG;0
2048;France;7;D-HEV;0
2048;France;7;Diesel;0
2048;France;7;FCEV;0,004207072
2048;France;7;G-HEV;0
2048;France;7;G-PHEV;0
2048;France;7;Gasoline;0
2048;France;7;LPG;0
2049;France;7;BEV;0,995792928
2049;France;7;CNG;0
2049;France;7;D-HEV;0
2049;France;7;Diesel;0
2049;France;7;FCEV;0,004207072
2049;France;7;G-HEV;0
2049;France;7;G-PHEV;0
2049;France;7;Gasoline;0
2049;France;7;LPG;0
2050;France;7;BEV;0,995792928
2050;France;7;CNG;0
2050;France;7;D-HEV;0
2050;France;7;Diesel;0
2050;France;7;FCEV;0,004207072
2050;France;7;G-HEV;0
2050;France;7;G-PHEV;0
2050;France;7;Gasoline;0
2050;France;7;LPG;0
1970;Germany;77;BEV;0
1970;Germany;77;CNG;0,0000023
1970;Germany;77;Diesel;0,028530154
1970;Germany;77;FCEV;0
1970;Germany;77;G-HEV;0
1970;Germany;77;G-PHEV;0
1970;Germany;77;Gasoline;0,97126139
1970;Germany;77;LPG;0,000206154
1970;Germany;77;D-HEV;0
1971;Germany;77;BEV;0
1971;Germany;77;CNG;0,0000023
1971;Germany;77;Diesel;0,03165871
1971;Germany;77;FCEV;0
1971;Germany;77;G-HEV;0
1971;Germany;77;G-PHEV;0
1971;Germany;77;Gasoline;0,968132833
1971;Germany;77;LPG;0,000206155
1971;Germany;77;D-HEV;0
1972;Germany;77;BEV;0
1972;Germany;77;CNG;0,0000023
1972;Germany;77;Diesel;0,034786322
1972;Germany;77;FCEV;0
1972;Germany;77;G-HEV;0
1972;Germany;77;G-PHEV;0
1972;Germany;77;Gasoline;0,965005221
1972;Germany;77;LPG;0,000206156
1972;Germany;77;D-HEV;0
1973;Germany;77;BEV;0
1973;Germany;77;CNG;0,0000023
1973;Germany;77;Diesel;0,03791299
1973;Germany;77;FCEV;0
1973;Germany;77;G-HEV;0
1973;Germany;77;G-PHEV;0
1973;Germany;77;Gasoline;0,961878552
1973;Germany;77;LPG;0,000206156
1973;Germany;77;D-HEV;0
1974;Germany;77;BEV;0
1974;Germany;77;CNG;0,0000023
1974;Germany;77;Diesel;0,041038715
1974;Germany;77;FCEV;0
1974;Germany;77;G-HEV;0
1974;Germany;77;G-PHEV;0
1974;Germany;77;Gasoline;0,958752826
1974;Germany;77;LPG;0,000206157
1974;Germany;77;D-HEV;0
1975;Germany;77;BEV;0
1975;Germany;77;CNG;0,0000023
1975;Germany;77;Diesel;0,044163497
1975;Germany;77;FCEV;0
1975;Germany;77;G-HEV;0
1975;Germany;77;G-PHEV;0
1975;Germany;77;Gasoline;0,955628043
1975;Germany;77;LPG;0,000206158
1975;Germany;77;D-HEV;0
1976;Germany;77;BEV;0
1976;Germany;77;CNG;0,0000023
1976;Germany;77;Diesel;0,052325613
1976;Germany;77;FCEV;0
1976;Germany;77;G-HEV;0
1976;Germany;77;G-PHEV;0
1976;Germany;77;Gasoline;0,947465928
1976;Germany;77;LPG;0,000206158
1976;Germany;77;D-HEV;0
1977;Germany;77;BEV;0
1977;Germany;77;CNG;0,0000023
1977;Germany;77;Diesel;0,060019699
1977;Germany;77;FCEV;0
1977;Germany;77;G-HEV;0
1977;Germany;77;G-PHEV;0
1977;Germany;77;Gasoline;0,939771842
1977;Germany;77;LPG;0,000206157
1977;Germany;77;D-HEV;0
1978;Germany;77;BEV;0
1978;Germany;77;CNG;0,0000023
1978;Germany;77;Diesel;0,06728489
1978;Germany;77;FCEV;0
1978;Germany;77;G-HEV;0
1978;Germany;77;G-PHEV;0
1978;Germany;77;Gasoline;0,932506652
1978;Germany;77;LPG;0,000206157
1978;Germany;77;D-HEV;0
1979;Germany;77;BEV;0
1979;Germany;77;CNG;0,0000023
1979;Germany;77;Diesel;0,074156075
1979;Germany;77;FCEV;0
1979;Germany;77;G-HEV;0
1979;Germany;77;G-PHEV;0
1979;Germany;77;Gasoline;0,925635468
1979;Germany;77;LPG;0,000206156
1979;Germany;77;D-HEV;0
1980;Germany;77;BEV;0
1980;Germany;77;CNG;0,0000023
1980;Germany;77;Diesel;0,080664459
1980;Germany;77;FCEV;0
1980;Germany;77;G-HEV;0
1980;Germany;77;G-PHEV;0
1980;Germany;77;Gasoline;0,919127083
1980;Germany;77;LPG;0,000206156
1980;Germany;77;D-HEV;0
1981;Germany;77;BEV;0
1981;Germany;77;CNG;0,0000023
1981;Germany;77;Diesel;0,108715692
1981;Germany;77;FCEV;0
1981;Germany;77;G-HEV;0
1981;Germany;77;G-PHEV;0
1981;Germany;77;Gasoline;0,891075851
1981;Germany;77;LPG;0,000206156
1981;Germany;77;D-HEV;0
1982;Germany;77;BEV;0
1982;Germany;77;CNG;0,0000023
1982;Germany;77;Diesel;0,13698016
1982;Germany;77;FCEV;0
1982;Germany;77;G-HEV;0
1982;Germany;77;G-PHEV;0
1982;Germany;77;Gasoline;0,862811382
1982;Germany;77;LPG;0,000206157
1982;Germany;77;D-HEV;0
1983;Germany;77;BEV;0
1983;Germany;77;CNG;0,0000023
1983;Germany;77;Diesel;0,165460305
1983;Germany;77;FCEV;0
1983;Germany;77;G-HEV;0
1983;Germany;77;G-PHEV;0
1983;Germany;77;Gasoline;0,834331237
1983;Germany;77;LPG;0,000206157
1983;Germany;77;D-HEV;0
1984;Germany;77;BEV;0
1984;Germany;77;CNG;0,0000023
1984;Germany;77;Diesel;0,194158604
1984;Germany;77;FCEV;0
1984;Germany;77;G-HEV;0
1984;Germany;77;G-PHEV;0
1984;Germany;77;Gasoline;0,805632937
1984;Germany;77;LPG;0,000206158
1984;Germany;77;D-HEV;0
1985;Germany;77;BEV;0
1985;Germany;77;CNG;0,0000023
1985;Germany;77;Diesel;0,223077575
1985;Germany;77;FCEV;0
1985;Germany;77;G-HEV;0
1985;Germany;77;G-PHEV;0
1985;Germany;77;Gasoline;0,776713966
1985;Germany;77;LPG;0,000206158
1985;Germany;77;D-HEV;0
1986;Germany;77;BEV;0
1986;Germany;77;CNG;0,0000023
1986;Germany;77;Diesel;0,195947929
1986;Germany;77;FCEV;0
1986;Germany;77;G-HEV;0
1986;Germany;77;G-PHEV;0
1986;Germany;77;Gasoline;0,803843609
1986;Germany;77;LPG;0,00020616
1986;Germany;77;D-HEV;0
1987;Germany;77;BEV;0
1987;Germany;77;CNG;0,0000023
1987;Germany;77;Diesel;0,171533477
1987;Germany;77;FCEV;0
1987;Germany;77;G-HEV;0
1987;Germany;77;G-PHEV;0
1987;Germany;77;Gasoline;0,828258059
1987;Germany;77;LPG;0,000206162
1987;Germany;77;D-HEV;0
1988;Germany;77;BEV;0
1988;Germany;77;CNG;0,0000023
1988;Germany;77;Diesel;0,149446029
1988;Germany;77;FCEV;0
1988;Germany;77;G-HEV;0
1988;Germany;77;G-PHEV;0
1988;Germany;77;Gasoline;0,850345504
1988;Germany;77;LPG;0,000206164
1988;Germany;77;D-HEV;0
1989;Germany;77;BEV;0
1989;Germany;77;CNG;0,0000023
1989;Germany;77;Diesel;0,129368031
1989;Germany;77;FCEV;0
1989;Germany;77;G-HEV;0
1989;Germany;77;G-PHEV;0
1989;Germany;77;Gasoline;0,870423501
1989;Germany;77;LPG;0,000206166
1989;Germany;77;D-HEV;0
1990;Germany;77;BEV;0
1990;Germany;77;CNG;0,0000023
1990;Germany;77;Diesel;0,11103719
1990;Germany;77;FCEV;0
1990;Germany;77;G-HEV;0
1990;Germany;77;G-PHEV;0
1990;Germany;77;Gasoline;0,888754311
1990;Germany;77;LPG;0,000206197
1990;Germany;77;D-HEV;0
1991;Germany;77;BEV;0
1991;Germany;77;CNG;0,00000368
1991;Germany;77;Diesel;0,118501914
1991;Germany;77;FCEV;0
1991;Germany;77;G-HEV;0
1991;Germany;77;G-PHEV;0
1991;Germany;77;Gasoline;0,881317045
1991;Germany;77;LPG;0,000177358
1991;Germany;77;D-HEV;0
1992;Germany;77;BEV;0
1992;Germany;77;CNG;0,00000502
1992;Germany;77;Diesel;0,125707606
1992;Germany;77;FCEV;0
1992;Germany;77;G-HEV;0
1992;Germany;77;G-PHEV;0
1992;Germany;77;Gasoline;0,874137859
1992;Germany;77;LPG;0,000149519
1992;Germany;77;D-HEV;0
1993;Germany;77;BEV;0
1993;Germany;77;CNG;0,0000063
1993;Germany;77;Diesel;0,132667517
1993;Germany;77;FCEV;0
1993;Germany;77;G-HEV;0
1993;Germany;77;G-PHEV;0
1993;Germany;77;Gasoline;0,867203549
1993;Germany;77;LPG;0,00012263
1993;Germany;77;D-HEV;0
1994;Germany;77;BEV;0
1994;Germany;77;CNG;0,00000755
1994;Germany;77;Diesel;0,139394013
1994;Germany;77;FCEV;0
1994;Germany;77;G-HEV;0
1994;Germany;77;G-PHEV;0
1994;Germany;77;Gasoline;0,860501796
1994;Germany;77;LPG;0,0000966
1994;Germany;77;D-HEV;0
1995;Germany;77;BEV;0
1995;Germany;77;CNG;0,00000875
1995;Germany;77;Diesel;0,145898642
1995;Germany;77;FCEV;0
1995;Germany;77;G-HEV;0
1995;Germany;77;G-PHEV;0
1995;Germany;77;Gasoline;0,854021094
1995;Germany;77;LPG;0,0000715
1995;Germany;77;D-HEV;0
1996;Germany;77;BEV;0
1996;Germany;77;CNG;0,0000198
1996;Germany;77;Diesel;0,177946708
1996;Germany;77;FCEV;0
1996;Germany;77;G-HEV;0
1996;Germany;77;G-PHEV;0
1996;Germany;77;Gasoline;0,82184463
1996;Germany;77;LPG;0,000188884
1996;Germany;77;D-HEV;0
1997;Germany;77;BEV;0
1997;Germany;77;CNG;0,0000307
1997;Germany;77;Diesel;0,209748037
1997;Germany;77;FCEV;0
1997;Germany;77;G-HEV;0
1997;Germany;77;G-PHEV;0
1997;Germany;77;Gasoline;0,789915892
1997;Germany;77;LPG;0,00030535
1997;Germany;77;D-HEV;0
1998;Germany;77;BEV;0
1998;Germany;77;CNG;0,0000416
1998;Germany;77;Diesel;0,241305468
1998;Germany;77;FCEV;0
1998;Germany;77;G-HEV;0
1998;Germany;77;G-PHEV;0
1998;Germany;77;Gasoline;0,758232029
1998;Germany;77;LPG;0,000420923
1998;Germany;77;D-HEV;0
1999;Germany;77;BEV;0
1999;Germany;77;CNG;0,0000524
1999;Germany;77;Diesel;0,272621796
1999;Germany;77;FCEV;0
1999;Germany;77;G-HEV;0
1999;Germany;77;G-PHEV;0
1999;Germany;77;Gasoline;0,726790236
1999;Germany;77;LPG;0,000535613
1999;Germany;77;D-HEV;0
2000;Germany;77;BEV;0
2000;Germany;77;CNG;0,000063
2000;Germany;77;Diesel;0,303699772
2000;Germany;77;FCEV;0
2000;Germany;77;G-HEV;0
2000;Germany;77;G-PHEV;0
2000;Germany;77;Gasoline;0,695587748
2000;Germany;77;LPG;0,000649431
2000;Germany;77;D-HEV;0
2001;Germany;77;BEV;0,00000279
2001;Germany;77;CNG;0,00047815
2001;Germany;77;Diesel;0,328321297
2001;Germany;77;FCEV;0
2001;Germany;77;G-HEV;0
2001;Germany;77;G-PHEV;0
2001;Germany;77;Gasoline;0,671115824
2001;Germany;77;LPG;0,0000819
2001;Germany;77;D-HEV;0
2002;Germany;77;BEV;0,00000559
2002;Germany;77;CNG;0,000958445
2002;Germany;77;Diesel;0,352835762
2002;Germany;77;FCEV;0
2002;Germany;77;G-HEV;0
2002;Germany;77;G-PHEV;0
2002;Germany;77;Gasoline;0,646035955
2002;Germany;77;LPG;0,000164244
2002;Germany;77;D-HEV;0
2003;Germany;77;BEV;0,00000841
2003;Germany;77;CNG;0,0014409
2003;Germany;77;Diesel;0,377460441
2003;Germany;77;FCEV;0
2003;Germany;77;G-HEV;0
2003;Germany;77;G-PHEV;0
2003;Germany;77;Gasoline;0,620843331
2003;Germany;77;LPG;0,000246919
2003;Germany;77;D-HEV;0
2004;Germany;77;BEV;0,0000112
2004;Germany;77;CNG;0,001925528
2004;Germany;77;Diesel;0,402196077
2004;Germany;77;FCEV;0
2004;Germany;77;G-HEV;0,001001071
2004;Germany;77;G-PHEV;0
2004;Germany;77;Gasoline;0,594536119
2004;Germany;77;LPG;0,000329968
2004;Germany;77;D-HEV;0
2005;Germany;77;BEV;0,0000141
2005;Germany;77;CNG;0,002412345
2005;Germany;77;Diesel;0,427043423
2005;Germany;77;FCEV;0
2005;Germany;77;G-HEV;0,001001161
2005;Germany;77;G-PHEV;0
2005;Germany;77;Gasoline;0,569115601
2005;Germany;77;LPG;0,000413391
2005;Germany;77;D-HEV;0
2006;Germany;77;BEV;0,0000448
2006;Germany;77;CNG;0,002286434
2006;Germany;77;Diesel;0,425884273
2006;Germany;77;FCEV;0
2006;Germany;77;G-HEV;0,002003228
2006;Germany;77;G-PHEV;0
2006;Germany;77;Gasoline;0,568940191
2006;Germany;77;LPG;0,000841037
2006;Germany;77;D-HEV;0
2007;Germany;77;BEV;0,0000773
2007;Germany;77;CNG;0,002153638
2007;Germany;77;Diesel;0,424661732
2007;Germany;77;FCEV;0
2007;Germany;77;G-HEV;0,002004184
2007;Germany;77;G-PHEV;0
2007;Germany;77;Gasoline;0,569811099
2007;Germany;77;LPG;0,001292069
2007;Germany;77;D-HEV;0
2008;Germany;77;BEV;0,000111544
2008;Germany;77;CNG;0,002013375
2008;Germany;77;Diesel;0,423370457
2008;Germany;77;FCEV;0
2008;Germany;77;G-HEV;0,002005193
2008;Germany;77;G-PHEV;0
2008;Germany;77;Gasoline;0,570730972
2008;Germany;77;LPG;0,00176846
2008;Germany;77;D-HEV;0
2009;Germany;77;BEV;0,000147791
2009;Germany;77;CNG;0,001864998
2009;Germany;77;Diesel;0,422004482
2009;Germany;77;FCEV;0
2009;Germany;77;G-HEV;0,00200626
2009;Germany;77;G-PHEV;0
2009;Germany;77;Gasoline;0,571704059
2009;Germany;77;LPG;0,002272409
2009;Germany;77;D-HEV;0
2010;Germany;77;BEV;0,000186197
2010;Germany;77;CNG;0,001707783
2010;Germany;77;Diesel;0,420557132
2010;Germany;77;FCEV;0
2010;Germany;77;G-HEV;0,003011087
2010;Germany;77;G-PHEV;0
2010;Germany;77;Gasoline;0,57173142
2010;Germany;77;LPG;0,00280638
2010;Germany;77;D-HEV;0
2011;Germany;77;BEV;0,000681449
2011;Germany;77;CNG;0,001987717
2011;Germany;77;Diesel;0,473270223
2011;Germany;77;FCEV;0
2011;Germany;77;G-HEV;0,004016098
2011;Germany;77;G-PHEV;0
2011;Germany;77;Gasoline;0,518502871
2011;Germany;77;LPG;0,001541643
2011;Germany;77;D-HEV;0
2012;Germany;77;BEV;0,00096557
2012;Germany;77;CNG;0,001703467
2012;Germany;77;Diesel;0,485437074
2012;Germany;77;FCEV;0
2012;Germany;77;G-HEV;0,007048246
2012;Germany;77;G-PHEV;0,000133272
2012;Germany;77;Gasoline;0,500967357
2012;Germany;77;LPG;0,003745014
2012;Germany;77;D-HEV;0
2013;Germany;77;BEV;0,002067004
2013;Germany;77;CNG;0,002676414
2013;Germany;77;Diesel;0,479299384
2013;Germany;77;FCEV;0
2013;Germany;77;G-HEV;0,008068336
2013;Germany;77;G-PHEV;0,000473112
2013;Germany;77;Gasoline;0,505278377
2013;Germany;77;LPG;0,002137373
2013;Germany;77;D-HEV;0
2014;Germany;77;BEV;0,002827689
2014;Germany;77;CNG;0,002718856
2014;Germany;77;Diesel;0,481976383
2014;Germany;77;FCEV;0
2014;Germany;77;G-HEV;0,007053433
2014;Germany;77;G-PHEV;0,001502106
2014;Germany;77;Gasoline;0,501853026
2014;Germany;77;LPG;0,002068507
2014;Germany;77;D-HEV;0
2015;Germany;77;BEV;0,003883699
2015;Germany;77;CNG;0,001660224
2015;Germany;77;Diesel;0,483287338
2015;Germany;77;FCEV;0
2015;Germany;77;G-HEV;0,006042855
2015;Germany;77;G-PHEV;0,003487256
2015;Germany;77;Gasoline;0,500157147
2015;Germany;77;LPG;0,001481479
2015;Germany;77;D-HEV;0
2016;Germany;77;BEV;0,0034
2016;Germany;77;CNG;0,001
2016;Germany;77;Diesel;0,4594
2016;Germany;77;FCEV;0
2016;Germany;77;G-HEV;0,0101
2016;Germany;77;G-PHEV;0,0041
2016;Germany;77;Gasoline;0,5211
2016;Germany;77;LPG;0,0009
2016;Germany;77;D-HEV;0
2017;Germany;77;BEV;0,007286758
2017;Germany;77;CNG;0,001082719
2017;Germany;77;Diesel;0,388491731
2017;Germany;77;FCEV;0
2017;Germany;77;G-HEV;0,014010976
2017;Germany;77;G-PHEV;0,008560545
2017;Germany;77;Gasoline;0,579287669
2017;Germany;77;LPG;0,001279603
2017;Germany;77;D-HEV;0
2018;Germany;77;BEV;0,010505144
2018;Germany;77;CNG;0,00314729
2018;Germany;77;Diesel;0,323405674
2018;Germany;77;FCEV;0
2018;Germany;77;G-HEV;0,015013037
2018;Germany;77;G-PHEV;0,009159302
2018;Germany;77;Gasoline;0,637411183
2018;Germany;77;LPG;0,001358369
2018;Germany;77;D-HEV;0
2019;Germany;77;BEV;0,017519234
2019;Germany;77;CNG;0,002110414
2019;Germany;77;Diesel;0,319572173
2019;Germany;77;FCEV;0,0000999
2019;Germany;77;G-HEV;0,015978609
2019;Germany;77;G-PHEV;0,012554514
2019;Germany;77;Gasoline;0,630156379
2019;Germany;77;LPG;0,002008811
2019;Germany;77;D-HEV;0
2020;Germany;77;BEV;0,066509582
2020;Germany;77;CNG;0,002456226
2020;Germany;77;Diesel;0,281040487
2020;Germany;77;FCEV;0,00010008
2020;Germany;77;G-HEV;0,023003314
2020;Germany;77;G-PHEV;0,068709899
2020;Germany;77;Gasoline;0,555980096
2020;Germany;77;LPG;0,002200317
2020;Germany;77;D-HEV;0
2021;Germany;77;BEV;0,135780604
2021;Germany;77;CNG;0,003899443
2021;Germany;77;Diesel;0,199971434
2021;Germany;77;FCEV;0,000202492
2021;Germany;77;G-HEV;0,027336424
2021;Germany;77;G-PHEV;0,124082275
2021;Germany;77;Gasoline;0,507227543
2021;Germany;77;LPG;0,001499786
2021;Germany;77;D-HEV;0
2022;Germany;77;BEV;0,111959042
2022;Germany;77;CNG;7,93E-05
2022;Germany;77;D-HEV;0
2022;Germany;77;Diesel;0,217547139
2022;Germany;77;FCEV;0
2022;Germany;77;G-HEV;0,045417936
2022;Germany;77;G-PHEV;0,015481331
2022;Germany;77;Gasoline;0,60951523
2022;Germany;77;LPG;0
2023;Germany;77;BEV;0,182942659
2023;Germany;77;CNG;7,93E-05
2023;Germany;77;D-HEV;0
2023;Germany;77;Diesel;0,186214629
2023;Germany;77;FCEV;0
2023;Germany;77;G-HEV;0,121271391
2023;Germany;77;G-PHEV;0,072302653
2023;Germany;77;Gasoline;0,437189346
2023;Germany;77;LPG;0
2024;Germany;77;BEV;0,182712039
2024;Germany;77;CNG;7,93E-05
2024;Germany;77;D-HEV;0
2024;Germany;77;Diesel;0,154897603
2024;Germany;77;FCEV;0
2024;Germany;77;G-HEV;0,154592317
2024;Germany;77;G-PHEV;0,082276178
2024;Germany;77;Gasoline;0,425442541
2024;Germany;77;LPG;0
2025;Germany;77;BEV;0,348327014
2025;Germany;77;CNG;7,93E-05
2025;Germany;77;D-HEV;0
2025;Germany;77;Diesel;0,123596047
2025;Germany;77;FCEV;0
2025;Germany;77;G-HEV;0,074574559
2025;Germany;77;G-PHEV;0,083061378
2025;Germany;77;Gasoline;0,37036168
2025;Germany;77;LPG;0
2026;Germany;77;BEV;0,240828507
2026;Germany;77;CNG;0
2026;Germany;77;D-HEV;0
2026;Germany;77;Diesel;0,092309944
2026;Germany;77;FCEV;0,003245612
2026;Germany;77;G-HEV;0,115474333
2026;Germany;77;G-PHEV;0,064143479
2026;Germany;77;Gasoline;0,483998125
2026;Germany;77;LPG;0
2027;Germany;77;BEV;0,29569304
2027;Germany;77;CNG;0
2027;Germany;77;D-HEV;0
2027;Germany;77;Diesel;0,061039279
2027;Germany;77;FCEV;0,003372739
2027;Germany;77;G-HEV;0,043690535
2027;Germany;77;G-PHEV;0,054271694
2027;Germany;77;Gasoline;0,541932712
2027;Germany;77;LPG;0
2028;Germany;77;BEV;0,381957284
2028;Germany;77;CNG;0
2028;Germany;77;D-HEV;0
2028;Germany;77;Diesel;0,029784038
2028;Germany;77;FCEV;0,002834519
2028;Germany;77;G-HEV;0,014619946
2028;Germany;77;G-PHEV;0,070986657
2028;Germany;77;Gasoline;0,499817556
2028;Germany;77;LPG;0
2029;Germany;77;BEV;0,49859045
2029;Germany;77;CNG;0
2029;Germany;77;D-HEV;0
2029;Germany;77;Diesel;0
2029;Germany;77;FCEV;0,003228758
2029;Germany;77;G-HEV;0,006223554
2029;Germany;77;G-PHEV;0,055511081
2029;Germany;77;Gasoline;0,436446157
2029;Germany;77;LPG;0
2030;Germany;77;BEV;0,581523625
2030;Germany;77;CNG;0
2030;Germany;77;D-HEV;0
2030;Germany;77;Diesel;0
2030;Germany;77;FCEV;0,003245612
2030;Germany;77;G-HEV;5,98E-05
2030;Germany;77;G-PHEV;0,014772912
2030;Germany;77;Gasoline;0,400398083
2030;Germany;77;LPG;0
2031;Germany;77;BEV;0,682092885
2031;Germany;77;CNG;0
2031;Germany;77;D-HEV;0
2031;Germany;77;Diesel;0
2031;Germany;77;FCEV;0,003270221
2031;Germany;77;G-HEV;0
2031;Germany;77;G-PHEV;0,005003561
2031;Germany;77;Gasoline;0,309633333
2031;Germany;77;LPG;0
2032;Germany;77;BEV;0,752052432
2032;Germany;77;CNG;0
2032;Germany;77;D-HEV;0
2032;Germany;77;Diesel;0
2032;Germany;77;FCEV;0,003582859
2032;Germany;77;G-HEV;0
2032;Germany;77;G-PHEV;0
2032;Germany;77;Gasoline;0,244364709
2032;Germany;77;LPG;0
2033;Germany;77;BEV;0,817987592
2033;Germany;77;CNG;0
2033;Germany;77;D-HEV;0
2033;Germany;77;Diesel;0
2033;Germany;77;FCEV;0,004162086
2033;Germany;77;G-HEV;0
2033;Germany;77;G-PHEV;0
2033;Germany;77;Gasoline;0,177850322
2033;Germany;77;LPG;0
2034;Germany;77;BEV;0,907632902
2034;Germany;77;CNG;0
2034;Germany;77;D-HEV;0
2034;Germany;77;Diesel;0
2034;Germany;77;FCEV;0,004444125
2034;Germany;77;G-HEV;0
2034;Germany;77;G-PHEV;0
2034;Germany;77;Gasoline;0,087922973
2034;Germany;77;LPG;0
2035;Germany;77;BEV;0,995276641
2035;Germany;77;CNG;0
2035;Germany;77;D-HEV;0
2035;Germany;77;Diesel;0
2035;Germany;77;FCEV;0,004723359
2035;Germany;77;G-HEV;0
2035;Germany;77;G-PHEV;0
2035;Germany;77;Gasoline;0
2035;Germany;77;LPG;0
2036;Germany;77;BEV;0,995084459
2036;Germany;77;CNG;0
2036;Germany;77;D-HEV;0
2036;Germany;77;Diesel;0
2036;Germany;77;FCEV;0,004915541
2036;Germany;77;G-HEV;0
2036;Germany;77;G-PHEV;0
2036;Germany;77;Gasoline;0
2036;Germany;77;LPG;0
2037;Germany;77;BEV;0,993343501
2037;Germany;77;CNG;0
2037;Germany;77;D-HEV;0
2037;Germany;77;Diesel;0
2037;Germany;77;FCEV;0,006656499
2037;Germany;77;G-HEV;0
2037;Germany;77;G-PHEV;0
2037;Germany;77;Gasoline;0
2037;Germany;77;LPG;0
2038;Germany;77;BEV;0,993011599
2038;Germany;77;CNG;0
2038;Germany;77;D-HEV;0
2038;Germany;77;Diesel;0
2038;Germany;77;FCEV;0,006988401
2038;Germany;77;G-HEV;0
2038;Germany;77;G-PHEV;0
2038;Germany;77;Gasoline;0
2038;Germany;77;LPG;0
2039;Germany;77;BEV;0,992147439
2039;Germany;77;CNG;0
2039;Germany;77;D-HEV;0
2039;Germany;77;Diesel;0
2039;Germany;77;FCEV;0,007852561
2039;Germany;77;G-HEV;0
2039;Germany;77;G-PHEV;0
2039;Germany;77;Gasoline;0
2039;Germany;77;LPG;0
2040;Germany;77;BEV;0,990788438
2040;Germany;77;CNG;0
2040;Germany;77;D-HEV;0
2040;Germany;77;Diesel;0
2040;Germany;77;FCEV;0,009211562
2040;Germany;77;G-HEV;0
2040;Germany;77;G-PHEV;0
2040;Germany;77;Gasoline;0
2040;Germany;77;LPG;0
2041;Germany;77;BEV;0,990788438
2041;Germany;77;CNG;0
2041;Germany;77;D-HEV;0
2041;Germany;77;Diesel;0
2041;Germany;77;FCEV;0,009211562
2041;Germany;77;G-HEV;0
2041;Germany;77;G-PHEV;0
2041;Germany;77;Gasoline;0
2041;Germany;77;LPG;0
2042;Germany;77;BEV;0,990788438
2042;Germany;77;CNG;0
2042;Germany;77;D-HEV;0
2042;Germany;77;Diesel;0
2042;Germany;77;FCEV;0,009211562
2042;Germany;77;G-HEV;0
2042;Germany;77;G-PHEV;0
2042;Germany;77;Gasoline;0
2042;Germany;77;LPG;0
2043;Germany;77;BEV;0,990788438
2043;Germany;77;CNG;0
2043;Germany;77;D-HEV;0
2043;Germany;77;Diesel;0
2043;Germany;77;FCEV;0,009211562
2043;Germany;77;G-HEV;0
2043;Germany;77;G-PHEV;0
2043;Germany;77;Gasoline;0
2043;Germany;77;LPG;0
2044;Germany;77;BEV;0,990788438
2044;Germany;77;CNG;0
2044;Germany;77;D-HEV;0
2044;Germany;77;Diesel;0
2044;Germany;77;FCEV;0,009211562
2044;Germany;77;G-HEV;0
2044;Germany;77;G-PHEV;0
2044;Germany;77;Gasoline;0
2044;Germany;77;LPG;0
2045;Germany;77;BEV;0,990788438
2045;Germany;77;CNG;0
2045;Germany;77;D-HEV;0
2045;Germany;77;Diesel;0
2045;Germany;77;FCEV;0,009211562
2045;Germany;77;G-HEV;0
2045;Germany;77;G-PHEV;0
2045;Germany;77;Gasoline;0
2045;Germany;77;LPG;0
2046;Germany;77;BEV;0,990788438
2046;Germany;77;CNG;0
2046;Germany;77;D-HEV;0
2046;Germany;77;Diesel;0
2046;Germany;77;FCEV;0,009211562
2046;Germany;77;G-HEV;0
2046;Germany;77;G-PHEV;0
2046;Germany;77;Gasoline;0
2046;Germany;77;LPG;0
2047;Germany;77;BEV;0,990788438
2047;Germany;77;CNG;0
2047;Germany;77;D-HEV;0
2047;Germany;77;Diesel;0
2047;Germany;77;FCEV;0,009211562
2047;Germany;77;G-HEV;0
2047;Germany;77;G-PHEV;0
2047;Germany;77;Gasoline;0
2047;Germany;77;LPG;0
2048;Germany;77;BEV;0,990788438
2048;Germany;77;CNG;0
2048;Germany;77;D-HEV;0
2048;Germany;77;Diesel;0
2048;Germany;77;FCEV;0,009211562
2048;Germany;77;G-HEV;0
2048;Germany;77;G-PHEV;0
2048;Germany;77;Gasoline;0
2048;Germany;77;LPG;0
2049;Germany;77;BEV;0,990788438
2049;Germany;77;CNG;0
2049;Germany;77;D-HEV;0
2049;Germany;77;Diesel;0
2049;Germany;77;FCEV;0,009211562
2049;Germany;77;G-HEV;0
2049;Germany;77;G-PHEV;0
2049;Germany;77;Gasoline;0
2049;Germany;77;LPG;0
2050;Germany;77;BEV;0,990788438
2050;Germany;77;CNG;0
2050;Germany;77;D-HEV;0
2050;Germany;77;Diesel;0
2050;Germany;77;FCEV;0,009211562
2050;Germany;77;G-HEV;0
2050;Germany;77;G-PHEV;0
2050;Germany;77;Gasoline;0
2050;Germany;77;LPG;0
1970;Greece;2;BEV;0
1970;Greece;2;CNG;0
1970;Greece;2;Diesel;0,021234082
1970;Greece;2;FCEV;0
1970;Greece;2;G-HEV;0
1970;Greece;2;G-PHEV;0
1970;Greece;2;Gasoline;0,978765918
1970;Greece;2;LPG;0
1970;Greece;2;D-HEV;0
1971;Greece;2;BEV;0
1971;Greece;2;CNG;0
1971;Greece;2;Diesel;0,021234082
1971;Greece;2;FCEV;0
1971;Greece;2;G-HEV;0
1971;Greece;2;G-PHEV;0
1971;Greece;2;Gasoline;0,978765918
1971;Greece;2;LPG;0
1971;Greece;2;D-HEV;0
1972;Greece;2;BEV;0
1972;Greece;2;CNG;0
1972;Greece;2;Diesel;0,021234082
1972;Greece;2;FCEV;0
1972;Greece;2;G-HEV;0
1972;Greece;2;G-PHEV;0
1972;Greece;2;Gasoline;0,978765918
1972;Greece;2;LPG;0
1972;Greece;2;D-HEV;0
1973;Greece;2;BEV;0
1973;Greece;2;CNG;0
1973;Greece;2;Diesel;0,021234082
1973;Greece;2;FCEV;0
1973;Greece;2;G-HEV;0
1973;Greece;2;G-PHEV;0
1973;Greece;2;Gasoline;0,978765918
1973;Greece;2;LPG;0
1973;Greece;2;D-HEV;0
1974;Greece;2;BEV;0
1974;Greece;2;CNG;0
1974;Greece;2;Diesel;0,021234082
1974;Greece;2;FCEV;0
1974;Greece;2;G-HEV;0
1974;Greece;2;G-PHEV;0
1974;Greece;2;Gasoline;0,978765918
1974;Greece;2;LPG;0
1974;Greece;2;D-HEV;0
1975;Greece;2;BEV;0
1975;Greece;2;CNG;0
1975;Greece;2;Diesel;0,021234082
1975;Greece;2;FCEV;0
1975;Greece;2;G-HEV;0
1975;Greece;2;G-PHEV;0
1975;Greece;2;Gasoline;0,978765918
1975;Greece;2;LPG;0
1975;Greece;2;D-HEV;0
1976;Greece;2;BEV;0
1976;Greece;2;CNG;0
1976;Greece;2;Diesel;0,021234082
1976;Greece;2;FCEV;0
1976;Greece;2;G-HEV;0
1976;Greece;2;G-PHEV;0
1976;Greece;2;Gasoline;0,978765918
1976;Greece;2;LPG;0
1976;Greece;2;D-HEV;0
1977;Greece;2;BEV;0
1977;Greece;2;CNG;0
1977;Greece;2;Diesel;0,021234082
1977;Greece;2;FCEV;0
1977;Greece;2;G-HEV;0
1977;Greece;2;G-PHEV;0
1977;Greece;2;Gasoline;0,978765918
1977;Greece;2;LPG;0
1977;Greece;2;D-HEV;0
1978;Greece;2;BEV;0
1978;Greece;2;CNG;0
1978;Greece;2;Diesel;0,021234082
1978;Greece;2;FCEV;0
1978;Greece;2;G-HEV;0
1978;Greece;2;G-PHEV;0
1978;Greece;2;Gasoline;0,978765918
1978;Greece;2;LPG;0
1978;Greece;2;D-HEV;0
1979;Greece;2;BEV;0
1979;Greece;2;CNG;0
1979;Greece;2;Diesel;0,021234082
1979;Greece;2;FCEV;0
1979;Greece;2;G-HEV;0
1979;Greece;2;G-PHEV;0
1979;Greece;2;Gasoline;0,978765918
1979;Greece;2;LPG;0
1979;Greece;2;D-HEV;0
1980;Greece;2;BEV;0
1980;Greece;2;CNG;0
1980;Greece;2;Diesel;0,021234082
1980;Greece;2;FCEV;0
1980;Greece;2;G-HEV;0
1980;Greece;2;G-PHEV;0
1980;Greece;2;Gasoline;0,978765918
1980;Greece;2;LPG;0
1980;Greece;2;D-HEV;0
1981;Greece;2;BEV;0
1981;Greece;2;CNG;0
1981;Greece;2;Diesel;0,021234082
1981;Greece;2;FCEV;0
1981;Greece;2;G-HEV;0
1981;Greece;2;G-PHEV;0
1981;Greece;2;Gasoline;0,978765918
1981;Greece;2;LPG;0
1981;Greece;2;D-HEV;0
1982;Greece;2;BEV;0
1982;Greece;2;CNG;0
1982;Greece;2;Diesel;0,021234082
1982;Greece;2;FCEV;0
1982;Greece;2;G-HEV;0
1982;Greece;2;G-PHEV;0
1982;Greece;2;Gasoline;0,978765918
1982;Greece;2;LPG;0
1982;Greece;2;D-HEV;0
1983;Greece;2;BEV;0
1983;Greece;2;CNG;0
1983;Greece;2;Diesel;0,021234082
1983;Greece;2;FCEV;0
1983;Greece;2;G-HEV;0
1983;Greece;2;G-PHEV;0
1983;Greece;2;Gasoline;0,978765918
1983;Greece;2;LPG;0
1983;Greece;2;D-HEV;0
1984;Greece;2;BEV;0
1984;Greece;2;CNG;0
1984;Greece;2;Diesel;0,021234082
1984;Greece;2;FCEV;0
1984;Greece;2;G-HEV;0
1984;Greece;2;G-PHEV;0
1984;Greece;2;Gasoline;0,978765918
1984;Greece;2;LPG;0
1984;Greece;2;D-HEV;0
1985;Greece;2;BEV;0
1985;Greece;2;CNG;0
1985;Greece;2;Diesel;0,021234082
1985;Greece;2;FCEV;0
1985;Greece;2;G-HEV;0
1985;Greece;2;G-PHEV;0
1985;Greece;2;Gasoline;0,978765918
1985;Greece;2;LPG;0
1985;Greece;2;D-HEV;0
1986;Greece;2;BEV;0
1986;Greece;2;CNG;0
1986;Greece;2;Diesel;0,021234082
1986;Greece;2;FCEV;0
1986;Greece;2;G-HEV;0
1986;Greece;2;G-PHEV;0
1986;Greece;2;Gasoline;0,978765918
1986;Greece;2;LPG;0
1986;Greece;2;D-HEV;0
1987;Greece;2;BEV;0
1987;Greece;2;CNG;0
1987;Greece;2;Diesel;0,021234082
1987;Greece;2;FCEV;0
1987;Greece;2;G-HEV;0
1987;Greece;2;G-PHEV;0
1987;Greece;2;Gasoline;0,978765918
1987;Greece;2;LPG;0
1987;Greece;2;D-HEV;0
1988;Greece;2;BEV;0
1988;Greece;2;CNG;0
1988;Greece;2;Diesel;0,021234082
1988;Greece;2;FCEV;0
1988;Greece;2;G-HEV;0
1988;Greece;2;G-PHEV;0
1988;Greece;2;Gasoline;0,978765918
1988;Greece;2;LPG;0
1988;Greece;2;D-HEV;0
1989;Greece;2;BEV;0
1989;Greece;2;CNG;0
1989;Greece;2;Diesel;0,021234082
1989;Greece;2;FCEV;0
1989;Greece;2;G-HEV;0
1989;Greece;2;G-PHEV;0
1989;Greece;2;Gasoline;0,978765918
1989;Greece;2;LPG;0
1989;Greece;2;D-HEV;0
1990;Greece;2;BEV;0
1990;Greece;2;CNG;0
1990;Greece;2;Diesel;0,021234082
1990;Greece;2;FCEV;0
1990;Greece;2;G-HEV;0
1990;Greece;2;G-PHEV;0
1990;Greece;2;Gasoline;0,978765918
1990;Greece;2;LPG;0
1990;Greece;2;D-HEV;0
1991;Greece;2;BEV;0
1991;Greece;2;CNG;0
1991;Greece;2;Diesel;0,021234082
1991;Greece;2;FCEV;0
1991;Greece;2;G-HEV;0
1991;Greece;2;G-PHEV;0
1991;Greece;2;Gasoline;0,978765918
1991;Greece;2;LPG;0
1991;Greece;2;D-HEV;0
1992;Greece;2;BEV;0
1992;Greece;2;CNG;0
1992;Greece;2;Diesel;0,021234082
1992;Greece;2;FCEV;0
1992;Greece;2;G-HEV;0
1992;Greece;2;G-PHEV;0
1992;Greece;2;Gasoline;0,978765918
1992;Greece;2;LPG;0
1992;Greece;2;D-HEV;0
1993;Greece;2;BEV;0
1993;Greece;2;CNG;0
1993;Greece;2;Diesel;0,021234082
1993;Greece;2;FCEV;0
1993;Greece;2;G-HEV;0
1993;Greece;2;G-PHEV;0
1993;Greece;2;Gasoline;0,978765918
1993;Greece;2;LPG;0
1993;Greece;2;D-HEV;0
1994;Greece;2;BEV;0
1994;Greece;2;CNG;0
1994;Greece;2;Diesel;0,018054332
1994;Greece;2;FCEV;0
1994;Greece;2;G-HEV;0
1994;Greece;2;G-PHEV;0
1994;Greece;2;Gasoline;0,981945668
1994;Greece;2;LPG;0
1994;Greece;2;D-HEV;0
1995;Greece;2;BEV;0
1995;Greece;2;CNG;0
1995;Greece;2;Diesel;0,024275365
1995;Greece;2;FCEV;0
1995;Greece;2;G-HEV;0
1995;Greece;2;G-PHEV;0
1995;Greece;2;Gasoline;0,975724635
1995;Greece;2;LPG;0
1995;Greece;2;D-HEV;0
1996;Greece;2;BEV;0
1996;Greece;2;CNG;0
1996;Greece;2;Diesel;0,022685378
1996;Greece;2;FCEV;0
1996;Greece;2;G-HEV;0
1996;Greece;2;G-PHEV;0
1996;Greece;2;Gasoline;0,977314622
1996;Greece;2;LPG;0
1996;Greece;2;D-HEV;0
1997;Greece;2;BEV;0
1997;Greece;2;CNG;0
1997;Greece;2;Diesel;0,0176642
1997;Greece;2;FCEV;0
1997;Greece;2;G-HEV;0
1997;Greece;2;G-PHEV;0
1997;Greece;2;Gasoline;0,9823358
1997;Greece;2;LPG;0
1997;Greece;2;D-HEV;0
1998;Greece;2;BEV;0
1998;Greece;2;CNG;0
1998;Greece;2;Diesel;0,012240209
1998;Greece;2;FCEV;0
1998;Greece;2;G-HEV;0
1998;Greece;2;G-PHEV;0
1998;Greece;2;Gasoline;0,987759791
1998;Greece;2;LPG;0
1998;Greece;2;D-HEV;0
1999;Greece;2;BEV;0
1999;Greece;2;CNG;0
1999;Greece;2;Diesel;0,007137647
1999;Greece;2;FCEV;0
1999;Greece;2;G-HEV;0
1999;Greece;2;G-PHEV;0
1999;Greece;2;Gasoline;0,992862353
1999;Greece;2;LPG;0
1999;Greece;2;D-HEV;0
2000;Greece;2;BEV;0
2000;Greece;2;CNG;0
2000;Greece;2;Diesel;0,007101315
2000;Greece;2;FCEV;0
2000;Greece;2;G-HEV;0
2000;Greece;2;G-PHEV;0
2000;Greece;2;Gasoline;0,992898685
2000;Greece;2;LPG;0
2000;Greece;2;D-HEV;0
2001;Greece;2;BEV;0
2001;Greece;2;CNG;0
2001;Greece;2;Diesel;0,01
2001;Greece;2;FCEV;0
2001;Greece;2;G-HEV;0
2001;Greece;2;G-PHEV;0
2001;Greece;2;Gasoline;0,99
2001;Greece;2;LPG;0
2001;Greece;2;D-HEV;0
2002;Greece;2;BEV;0
2002;Greece;2;CNG;0
2002;Greece;2;Diesel;0,01
2002;Greece;2;FCEV;0
2002;Greece;2;G-HEV;0
2002;Greece;2;G-PHEV;0
2002;Greece;2;Gasoline;0,99
2002;Greece;2;LPG;0
2002;Greece;2;D-HEV;0
2003;Greece;2;BEV;0
2003;Greece;2;CNG;0
2003;Greece;2;Diesel;0,02
2003;Greece;2;FCEV;0
2003;Greece;2;G-HEV;0
2003;Greece;2;G-PHEV;0
2003;Greece;2;Gasoline;0,98
2003;Greece;2;LPG;0
2003;Greece;2;D-HEV;0
2004;Greece;2;BEV;0
2004;Greece;2;CNG;0
2004;Greece;2;Diesel;0,03
2004;Greece;2;FCEV;0
2004;Greece;2;G-HEV;0
2004;Greece;2;G-PHEV;0
2004;Greece;2;Gasoline;0,97
2004;Greece;2;LPG;0
2004;Greece;2;D-HEV;0
2005;Greece;2;BEV;0
2005;Greece;2;CNG;0
2005;Greece;2;Diesel;0,01
2005;Greece;2;FCEV;0
2005;Greece;2;G-HEV;0,001
2005;Greece;2;G-PHEV;0
2005;Greece;2;Gasoline;0,989
2005;Greece;2;LPG;0
2005;Greece;2;D-HEV;0
2006;Greece;2;BEV;0
2006;Greece;2;CNG;0
2006;Greece;2;Diesel;0,02
2006;Greece;2;FCEV;0
2006;Greece;2;G-HEV;0,002
2006;Greece;2;G-PHEV;0
2006;Greece;2;Gasoline;0,978
2006;Greece;2;LPG;0
2006;Greece;2;D-HEV;0
2007;Greece;2;BEV;0
2007;Greece;2;CNG;0
2007;Greece;2;Diesel;0,03
2007;Greece;2;FCEV;0
2007;Greece;2;G-HEV;0,004
2007;Greece;2;G-PHEV;0
2007;Greece;2;Gasoline;0,966
2007;Greece;2;LPG;0
2007;Greece;2;D-HEV;0
2008;Greece;2;BEV;0
2008;Greece;2;CNG;0
2008;Greece;2;Diesel;0,04
2008;Greece;2;FCEV;0
2008;Greece;2;G-HEV;0,009
2008;Greece;2;G-PHEV;0
2008;Greece;2;Gasoline;0,951
2008;Greece;2;LPG;0
2008;Greece;2;D-HEV;0
2009;Greece;2;BEV;0
2009;Greece;2;CNG;0
2009;Greece;2;Diesel;0,03
2009;Greece;2;FCEV;0
2009;Greece;2;G-HEV;0,008
2009;Greece;2;G-PHEV;0
2009;Greece;2;Gasoline;0,9581
2009;Greece;2;LPG;0,0039
2009;Greece;2;D-HEV;0
2010;Greece;2;BEV;0
2010;Greece;2;CNG;0
2010;Greece;2;Diesel;0,04
2010;Greece;2;FCEV;0
2010;Greece;2;G-HEV;0,008
2010;Greece;2;G-PHEV;0
2010;Greece;2;Gasoline;0,9434
2010;Greece;2;LPG;0,0086
2010;Greece;2;D-HEV;0
2011;Greece;2;BEV;0
2011;Greece;2;CNG;0
2011;Greece;2;Diesel;0,1
2011;Greece;2;FCEV;0
2011;Greece;2;G-HEV;0,01
2011;Greece;2;G-PHEV;0
2011;Greece;2;Gasoline;0,8612
2011;Greece;2;LPG;0,0288
2011;Greece;2;D-HEV;0
2012;Greece;2;BEV;0
2012;Greece;2;CNG;0
2012;Greece;2;Diesel;0,4
2012;Greece;2;FCEV;0
2012;Greece;2;G-HEV;0,008
2012;Greece;2;G-PHEV;0
2012;Greece;2;Gasoline;0,5562
2012;Greece;2;LPG;0,0358
2012;Greece;2;D-HEV;0
2013;Greece;2;BEV;0
2013;Greece;2;CNG;0,0001
2013;Greece;2;Diesel;0,58
2013;Greece;2;FCEV;0
2013;Greece;2;G-HEV;0,007
2013;Greece;2;G-PHEV;0
2013;Greece;2;Gasoline;0,3729
2013;Greece;2;LPG;0,04
2013;Greece;2;D-HEV;0
2014;Greece;2;BEV;0,001
2014;Greece;2;CNG;0,0001
2014;Greece;2;Diesel;0,64
2014;Greece;2;FCEV;0
2014;Greece;2;G-HEV;0,006
2014;Greece;2;G-PHEV;0
2014;Greece;2;Gasoline;0,3099
2014;Greece;2;LPG;0,043
2014;Greece;2;D-HEV;0
2015;Greece;2;BEV;0
2015;Greece;2;CNG;0,0001
2015;Greece;2;Diesel;0,63
2015;Greece;2;FCEV;0
2015;Greece;2;G-HEV;0,011
2015;Greece;2;G-PHEV;0,001
2015;Greece;2;Gasoline;0,3063
2015;Greece;2;LPG;0,0516
2015;Greece;2;D-HEV;0
2016;Greece;2;BEV;0
2016;Greece;2;CNG;0,0001
2016;Greece;2;Diesel;0,54
2016;Greece;2;FCEV;0
2016;Greece;2;G-HEV;0,019
2016;Greece;2;G-PHEV;0,001
2016;Greece;2;Gasoline;0,3866
2016;Greece;2;LPG;0,0533
2016;Greece;2;D-HEV;0
2017;Greece;2;BEV;0
2017;Greece;2;CNG;0,0001
2017;Greece;2;Diesel;0,44
2017;Greece;2;FCEV;0
2017;Greece;2;G-HEV;0,027
2017;Greece;2;G-PHEV;0,002
2017;Greece;2;Gasoline;0,4784
2017;Greece;2;LPG;0,0525
2017;Greece;2;D-HEV;0
2018;Greece;2;BEV;0,001
2018;Greece;2;CNG;0,0002
2018;Greece;2;Diesel;0,36
2018;Greece;2;FCEV;0
2018;Greece;2;G-HEV;0,034
2018;Greece;2;G-PHEV;0,002
2018;Greece;2;Gasoline;0,5507
2018;Greece;2;LPG;0,0521
2018;Greece;2;D-HEV;0
2019;Greece;2;BEV;0,002012072
2019;Greece;2;CNG;0,0005
2019;Greece;2;Diesel;0,27
2019;Greece;2;FCEV;0
2019;Greece;2;G-HEV;0,044
2019;Greece;2;G-PHEV;0,004024145
2019;Greece;2;Gasoline;0,631063783
2019;Greece;2;LPG;0,0484
2019;Greece;2;D-HEV;0
2020;Greece;2;BEV;0,008
2020;Greece;2;CNG;0,0007
2020;Greece;2;Diesel;0,29
2020;Greece;2;FCEV;0
2020;Greece;2;G-HEV;0,065
2020;Greece;2;G-PHEV;0,018
2020;Greece;2;Gasoline;0,573
2020;Greece;2;LPG;0,0453
2020;Greece;2;D-HEV;0
2021;Greece;2;BEV;0,022
2021;Greece;2;CNG;0,0008
2021;Greece;2;Diesel;0,17
2021;Greece;2;FCEV;0
2021;Greece;2;G-HEV;0,086
2021;Greece;2;G-PHEV;0,049
2021;Greece;2;Gasoline;0,6299
2021;Greece;2;LPG;0,0423
2021;Greece;2;D-HEV;0
2022;Greece;2;BEV;0,025327478
2022;Greece;2;CNG;0
2022;Greece;2;D-HEV;0
2022;Greece;2;Diesel;0,169037419
2022;Greece;2;FCEV;0
2022;Greece;2;G-HEV;0,020506228
2022;Greece;2;G-PHEV;0,167239714
2022;Greece;2;Gasoline;0,617889161
2022;Greece;2;LPG;0
2023;Greece;2;BEV;0,033679405
2023;Greece;2;CNG;0
2023;Greece;2;D-HEV;0
2023;Greece;2;Diesel;0,099272276
2023;Greece;2;FCEV;0
2023;Greece;2;G-HEV;0,028343835
2023;Greece;2;G-PHEV;0,176524134
2023;Greece;2;Gasoline;0,662180349
2023;Greece;2;LPG;0
2024;Greece;2;BEV;0,06031323
2024;Greece;2;CNG;0
2024;Greece;2;D-HEV;0
2024;Greece;2;Diesel;0,02954161
2024;Greece;2;FCEV;0
2024;Greece;2;G-HEV;0
2024;Greece;2;G-PHEV;0,174027558
2024;Greece;2;Gasoline;0,736117602
2024;Greece;2;LPG;0
2025;Greece;2;BEV;0,155382589
2025;Greece;2;CNG;0
2025;Greece;2;D-HEV;0
2025;Greece;2;Diesel;0
2025;Greece;2;FCEV;0
2025;Greece;2;G-HEV;0
2025;Greece;2;G-PHEV;0,160606834
2025;Greece;2;Gasoline;0,684010578
2025;Greece;2;LPG;0
2026;Greece;2;BEV;0,195198297
2026;Greece;2;CNG;0
2026;Greece;2;D-HEV;0
2026;Greece;2;Diesel;0
2026;Greece;2;FCEV;0,000842452
2026;Greece;2;G-HEV;0
2026;Greece;2;G-PHEV;0,217114074
2026;Greece;2;Gasoline;0,586845177
2026;Greece;2;LPG;0
2027;Greece;2;BEV;0,208106166
2027;Greece;2;CNG;0
2027;Greece;2;D-HEV;0
2027;Greece;2;Diesel;0
2027;Greece;2;FCEV;0,000842452
2027;Greece;2;G-HEV;0
2027;Greece;2;G-PHEV;0,227356992
2027;Greece;2;Gasoline;0,56369439
2027;Greece;2;LPG;0
2028;Greece;2;BEV;0,288121459
2028;Greece;2;CNG;0
2028;Greece;2;D-HEV;0
2028;Greece;2;Diesel;0
2028;Greece;2;FCEV;0,00223679
2028;Greece;2;G-HEV;0
2028;Greece;2;G-PHEV;0,199265154
2028;Greece;2;Gasoline;0,510376596
2028;Greece;2;LPG;0
2029;Greece;2;BEV;0,354711549
2029;Greece;2;CNG;0
2029;Greece;2;D-HEV;0
2029;Greece;2;Diesel;0
2029;Greece;2;FCEV;0,00223679
2029;Greece;2;G-HEV;0
2029;Greece;2;G-PHEV;0,207154755
2029;Greece;2;Gasoline;0,435896906
2029;Greece;2;LPG;0
2030;Greece;2;BEV;0,397194215
2030;Greece;2;CNG;0
2030;Greece;2;D-HEV;0
2030;Greece;2;Diesel;0
2030;Greece;2;FCEV;0,00223679
2030;Greece;2;G-HEV;0
2030;Greece;2;G-PHEV;0,173336857
2030;Greece;2;Gasoline;0,427232137
2030;Greece;2;LPG;0
2031;Greece;2;BEV;0,448379814
2031;Greece;2;CNG;0
2031;Greece;2;D-HEV;0
2031;Greece;2;Diesel;0
2031;Greece;2;FCEV;0,00223679
2031;Greece;2;G-HEV;0
2031;Greece;2;G-PHEV;0,157725342
2031;Greece;2;Gasoline;0,391658053
2031;Greece;2;LPG;0
2032;Greece;2;BEV;0,523345619
2032;Greece;2;CNG;0
2032;Greece;2;D-HEV;0
2032;Greece;2;Diesel;0
2032;Greece;2;FCEV;0,00223679
2032;Greece;2;G-HEV;0
2032;Greece;2;G-PHEV;0,15486378
2032;Greece;2;Gasoline;0,31955381
2032;Greece;2;LPG;0
2033;Greece;2;BEV;0,593712526
2033;Greece;2;CNG;0
2033;Greece;2;D-HEV;0
2033;Greece;2;Diesel;0
2033;Greece;2;FCEV;0,00223679
2033;Greece;2;G-HEV;0
2033;Greece;2;G-PHEV;0,126851993
2033;Greece;2;Gasoline;0,277198691
2033;Greece;2;LPG;0
2034;Greece;2;BEV;0,67282217
2034;Greece;2;CNG;0
2034;Greece;2;D-HEV;0
2034;Greece;2;Diesel;0
2034;Greece;2;FCEV;0,00223679
2034;Greece;2;G-HEV;0
2034;Greece;2;G-PHEV;0,108424568
2034;Greece;2;Gasoline;0,216516473
2034;Greece;2;LPG;0
2035;Greece;2;BEV;0,99776321
2035;Greece;2;CNG;0
2035;Greece;2;D-HEV;0
2035;Greece;2;Diesel;0
2035;Greece;2;FCEV;0,00223679
2035;Greece;2;G-HEV;0
2035;Greece;2;G-PHEV;0
2035;Greece;2;Gasoline;0
2035;Greece;2;LPG;0
2036;Greece;2;BEV;0,99776321
2036;Greece;2;CNG;0
2036;Greece;2;D-HEV;0
2036;Greece;2;Diesel;0
2036;Greece;2;FCEV;0,00223679
2036;Greece;2;G-HEV;0
2036;Greece;2;G-PHEV;0
2036;Greece;2;Gasoline;0
2036;Greece;2;LPG;0
2037;Greece;2;BEV;0,995988058
2037;Greece;2;CNG;0
2037;Greece;2;D-HEV;0
2037;Greece;2;Diesel;0
2037;Greece;2;FCEV;0,004011942
2037;Greece;2;G-HEV;0
2037;Greece;2;G-PHEV;0
2037;Greece;2;Gasoline;0
2037;Greece;2;LPG;0
2038;Greece;2;BEV;0,995988058
2038;Greece;2;CNG;0
2038;Greece;2;D-HEV;0
2038;Greece;2;Diesel;0
2038;Greece;2;FCEV;0,004011942
2038;Greece;2;G-HEV;0
2038;Greece;2;G-PHEV;0
2038;Greece;2;Gasoline;0
2038;Greece;2;LPG;0
2039;Greece;2;BEV;0,995988058
2039;Greece;2;CNG;0
2039;Greece;2;D-HEV;0
2039;Greece;2;Diesel;0
2039;Greece;2;FCEV;0,004011942
2039;Greece;2;G-HEV;0
2039;Greece;2;G-PHEV;0
2039;Greece;2;Gasoline;0
2039;Greece;2;LPG;0
2040;Greece;2;BEV;0,993023283
2040;Greece;2;CNG;0
2040;Greece;2;D-HEV;0
2040;Greece;2;Diesel;0
2040;Greece;2;FCEV;0,006976717
2040;Greece;2;G-HEV;0
2040;Greece;2;G-PHEV;0
2040;Greece;2;Gasoline;0
2040;Greece;2;LPG;0
2041;Greece;2;BEV;0,981972154
2041;Greece;2;CNG;0
2041;Greece;2;D-HEV;0
2041;Greece;2;Diesel;0
2041;Greece;2;FCEV;0,018027846
2041;Greece;2;G-HEV;0
2041;Greece;2;G-PHEV;0
2041;Greece;2;Gasoline;0
2041;Greece;2;LPG;0
2042;Greece;2;BEV;0,980443875
2042;Greece;2;CNG;0
2042;Greece;2;D-HEV;0
2042;Greece;2;Diesel;0
2042;Greece;2;FCEV;0,019556125
2042;Greece;2;G-HEV;0
2042;Greece;2;G-PHEV;0
2042;Greece;2;Gasoline;0
2042;Greece;2;LPG;0
2043;Greece;2;BEV;0,980443875
2043;Greece;2;CNG;0
2043;Greece;2;D-HEV;0
2043;Greece;2;Diesel;0
2043;Greece;2;FCEV;0,019556125
2043;Greece;2;G-HEV;0
2043;Greece;2;G-PHEV;0
2043;Greece;2;Gasoline;0
2043;Greece;2;LPG;0
2044;Greece;2;BEV;0,978915596
2044;Greece;2;CNG;0
2044;Greece;2;D-HEV;0
2044;Greece;2;Diesel;0
2044;Greece;2;FCEV;0,021084404
2044;Greece;2;G-HEV;0
2044;Greece;2;G-PHEV;0
2044;Greece;2;Gasoline;0
2044;Greece;2;LPG;0
2045;Greece;2;BEV;0,978915596
2045;Greece;2;CNG;0
2045;Greece;2;D-HEV;0
2045;Greece;2;Diesel;0
2045;Greece;2;FCEV;0,021084404
2045;Greece;2;G-HEV;0
2045;Greece;2;G-PHEV;0
2045;Greece;2;Gasoline;0
2045;Greece;2;LPG;0
2046;Greece;2;BEV;0,978303893
2046;Greece;2;CNG;0
2046;Greece;2;D-HEV;0
2046;Greece;2;Diesel;0
2046;Greece;2;FCEV;0,021696107
2046;Greece;2;G-HEV;0
2046;Greece;2;G-PHEV;0
2046;Greece;2;Gasoline;0
2046;Greece;2;LPG;0
2047;Greece;2;BEV;0,978303893
2047;Greece;2;CNG;0
2047;Greece;2;D-HEV;0
2047;Greece;2;Diesel;0
2047;Greece;2;FCEV;0,021696107
2047;Greece;2;G-HEV;0
2047;Greece;2;G-PHEV;0
2047;Greece;2;Gasoline;0
2047;Greece;2;LPG;0
2048;Greece;2;BEV;0,978303893
2048;Greece;2;CNG;0
2048;Greece;2;D-HEV;0
2048;Greece;2;Diesel;0
2048;Greece;2;FCEV;0,021696107
2048;Greece;2;G-HEV;0
2048;Greece;2;G-PHEV;0
2048;Greece;2;Gasoline;0
2048;Greece;2;LPG;0
2049;Greece;2;BEV;0,978303893
2049;Greece;2;CNG;0
2049;Greece;2;D-HEV;0
2049;Greece;2;Diesel;0
2049;Greece;2;FCEV;0,021696107
2049;Greece;2;G-HEV;0
2049;Greece;2;G-PHEV;0
2049;Greece;2;Gasoline;0
2049;Greece;2;LPG;0
2050;Greece;2;BEV;0,978303893
2050;Greece;2;CNG;0
2050;Greece;2;D-HEV;0
2050;Greece;2;Diesel;0
2050;Greece;2;FCEV;0,021696107
2050;Greece;2;G-HEV;0
2050;Greece;2;G-PHEV;0
2050;Greece;2;Gasoline;0
2050;Greece;2;LPG;0
1970;Italy;3;BEV;0
1970;Italy;3;CNG;0,000318187
1970;Italy;3;Diesel;0,100536719
1970;Italy;3;FCEV;0
1970;Italy;3;G-HEV;0
1970;Italy;3;G-PHEV;0
1970;Italy;3;Gasoline;0,898894231
1970;Italy;3;LPG;0,000250863
1970;Italy;3;D-HEV;0
1971;Italy;3;BEV;0
1971;Italy;3;CNG;0,000318187
1971;Italy;3;Diesel;0,100536719
1971;Italy;3;FCEV;0
1971;Italy;3;G-HEV;0
1971;Italy;3;G-PHEV;0
1971;Italy;3;Gasoline;0,898894231
1971;Italy;3;LPG;0,000250863
1971;Italy;3;D-HEV;0
1972;Italy;3;BEV;0
1972;Italy;3;CNG;0,000318187
1972;Italy;3;Diesel;0,100536719
1972;Italy;3;FCEV;0
1972;Italy;3;G-HEV;0
1972;Italy;3;G-PHEV;0
1972;Italy;3;Gasoline;0,898894231
1972;Italy;3;LPG;0,000250863
1972;Italy;3;D-HEV;0
1973;Italy;3;BEV;0
1973;Italy;3;CNG;0,000318187
1973;Italy;3;Diesel;0,100536719
1973;Italy;3;FCEV;0
1973;Italy;3;G-HEV;0
1973;Italy;3;G-PHEV;0
1973;Italy;3;Gasoline;0,898894231
1973;Italy;3;LPG;0,000250863
1973;Italy;3;D-HEV;0
1974;Italy;3;BEV;0
1974;Italy;3;CNG;0,000318187
1974;Italy;3;Diesel;0,100536719
1974;Italy;3;FCEV;0
1974;Italy;3;G-HEV;0
1974;Italy;3;G-PHEV;0
1974;Italy;3;Gasoline;0,898894231
1974;Italy;3;LPG;0,000250863
1974;Italy;3;D-HEV;0
1975;Italy;3;BEV;0
1975;Italy;3;CNG;0,000318187
1975;Italy;3;Diesel;0,100536719
1975;Italy;3;FCEV;0
1975;Italy;3;G-HEV;0
1975;Italy;3;G-PHEV;0
1975;Italy;3;Gasoline;0,898894231
1975;Italy;3;LPG;0,000250863
1975;Italy;3;D-HEV;0
1976;Italy;3;BEV;0
1976;Italy;3;CNG;0,000318187
1976;Italy;3;Diesel;0,100536719
1976;Italy;3;FCEV;0
1976;Italy;3;G-HEV;0
1976;Italy;3;G-PHEV;0
1976;Italy;3;Gasoline;0,898894231
1976;Italy;3;LPG;0,000250863
1976;Italy;3;D-HEV;0
1977;Italy;3;BEV;0
1977;Italy;3;CNG;0,000318187
1977;Italy;3;Diesel;0,100536719
1977;Italy;3;FCEV;0
1977;Italy;3;G-HEV;0
1977;Italy;3;G-PHEV;0
1977;Italy;3;Gasoline;0,898894231
1977;Italy;3;LPG;0,000250863
1977;Italy;3;D-HEV;0
1978;Italy;3;BEV;0
1978;Italy;3;CNG;0,000318187
1978;Italy;3;Diesel;0,100536719
1978;Italy;3;FCEV;0
1978;Italy;3;G-HEV;0
1978;Italy;3;G-PHEV;0
1978;Italy;3;Gasoline;0,898894231
1978;Italy;3;LPG;0,000250863
1978;Italy;3;D-HEV;0
1979;Italy;3;BEV;0
1979;Italy;3;CNG;0,000318187
1979;Italy;3;Diesel;0,100536719
1979;Italy;3;FCEV;0
1979;Italy;3;G-HEV;0
1979;Italy;3;G-PHEV;0
1979;Italy;3;Gasoline;0,898894231
1979;Italy;3;LPG;0,000250863
1979;Italy;3;D-HEV;0
1980;Italy;3;BEV;0
1980;Italy;3;CNG;0,000318187
1980;Italy;3;Diesel;0,100536719
1980;Italy;3;FCEV;0
1980;Italy;3;G-HEV;0
1980;Italy;3;G-PHEV;0
1980;Italy;3;Gasoline;0,898894231
1980;Italy;3;LPG;0,000250863
1980;Italy;3;D-HEV;0
1981;Italy;3;BEV;0
1981;Italy;3;CNG;0,000318187
1981;Italy;3;Diesel;0,100536719
1981;Italy;3;FCEV;0
1981;Italy;3;G-HEV;0
1981;Italy;3;G-PHEV;0
1981;Italy;3;Gasoline;0,898894231
1981;Italy;3;LPG;0,000250863
1981;Italy;3;D-HEV;0
1982;Italy;3;BEV;0
1982;Italy;3;CNG;0,000318187
1982;Italy;3;Diesel;0,100536719
1982;Italy;3;FCEV;0
1982;Italy;3;G-HEV;0
1982;Italy;3;G-PHEV;0
1982;Italy;3;Gasoline;0,898894231
1982;Italy;3;LPG;0,000250863
1982;Italy;3;D-HEV;0
1983;Italy;3;BEV;0
1983;Italy;3;CNG;0,000318187
1983;Italy;3;Diesel;0,100536719
1983;Italy;3;FCEV;0
1983;Italy;3;G-HEV;0
1983;Italy;3;G-PHEV;0
1983;Italy;3;Gasoline;0,898894231
1983;Italy;3;LPG;0,000250863
1983;Italy;3;D-HEV;0
1984;Italy;3;BEV;0
1984;Italy;3;CNG;0,000318187
1984;Italy;3;Diesel;0,100536719
1984;Italy;3;FCEV;0
1984;Italy;3;G-HEV;0
1984;Italy;3;G-PHEV;0
1984;Italy;3;Gasoline;0,898894231
1984;Italy;3;LPG;0,000250863
1984;Italy;3;D-HEV;0
1985;Italy;3;BEV;0
1985;Italy;3;CNG;0,000318187
1985;Italy;3;Diesel;0,100536719
1985;Italy;3;FCEV;0
1985;Italy;3;G-HEV;0
1985;Italy;3;G-PHEV;0
1985;Italy;3;Gasoline;0,898894231
1985;Italy;3;LPG;0,000250863
1985;Italy;3;D-HEV;0
1986;Italy;3;BEV;0
1986;Italy;3;CNG;0,000318187
1986;Italy;3;Diesel;0,100536719
1986;Italy;3;FCEV;0
1986;Italy;3;G-HEV;0
1986;Italy;3;G-PHEV;0
1986;Italy;3;Gasoline;0,898894231
1986;Italy;3;LPG;0,000250863
1986;Italy;3;D-HEV;0
1987;Italy;3;BEV;0
1987;Italy;3;CNG;0,000318187
1987;Italy;3;Diesel;0,100536719
1987;Italy;3;FCEV;0
1987;Italy;3;G-HEV;0
1987;Italy;3;G-PHEV;0
1987;Italy;3;Gasoline;0,898894231
1987;Italy;3;LPG;0,000250863
1987;Italy;3;D-HEV;0
1988;Italy;3;BEV;0
1988;Italy;3;CNG;0,000318187
1988;Italy;3;Diesel;0,100536719
1988;Italy;3;FCEV;0
1988;Italy;3;G-HEV;0
1988;Italy;3;G-PHEV;0
1988;Italy;3;Gasoline;0,898894231
1988;Italy;3;LPG;0,000250863
1988;Italy;3;D-HEV;0
1989;Italy;3;BEV;0
1989;Italy;3;CNG;0,000318187
1989;Italy;3;Diesel;0,100536719
1989;Italy;3;FCEV;0
1989;Italy;3;G-HEV;0
1989;Italy;3;G-PHEV;0
1989;Italy;3;Gasoline;0,898894231
1989;Italy;3;LPG;0,000250863
1989;Italy;3;D-HEV;0
1990;Italy;3;BEV;0
1990;Italy;3;CNG;0,000318187
1990;Italy;3;Diesel;0,100536719
1990;Italy;3;FCEV;0
1990;Italy;3;G-HEV;0
1990;Italy;3;G-PHEV;0
1990;Italy;3;Gasoline;0,898894231
1990;Italy;3;LPG;0,000250863
1990;Italy;3;D-HEV;0
1991;Italy;3;BEV;0
1991;Italy;3;CNG;0,000318187
1991;Italy;3;Diesel;0,100536719
1991;Italy;3;FCEV;0
1991;Italy;3;G-HEV;0
1991;Italy;3;G-PHEV;0
1991;Italy;3;Gasoline;0,898894231
1991;Italy;3;LPG;0,000250863
1991;Italy;3;D-HEV;0
1992;Italy;3;BEV;0
1992;Italy;3;CNG;0,000318187
1992;Italy;3;Diesel;0,100536719
1992;Italy;3;FCEV;0
1992;Italy;3;G-HEV;0
1992;Italy;3;G-PHEV;0
1992;Italy;3;Gasoline;0,898894231
1992;Italy;3;LPG;0,000250863
1992;Italy;3;D-HEV;0
1993;Italy;3;BEV;0
1993;Italy;3;CNG;0,000318187
1993;Italy;3;Diesel;0,100536719
1993;Italy;3;FCEV;0
1993;Italy;3;G-HEV;0
1993;Italy;3;G-PHEV;0
1993;Italy;3;Gasoline;0,898894231
1993;Italy;3;LPG;0,000250863
1993;Italy;3;D-HEV;0
1994;Italy;3;BEV;0
1994;Italy;3;CNG;0,000318187
1994;Italy;3;Diesel;0,100536719
1994;Italy;3;FCEV;0
1994;Italy;3;G-HEV;0
1994;Italy;3;G-PHEV;0
1994;Italy;3;Gasoline;0,898894231
1994;Italy;3;LPG;0,000250863
1994;Italy;3;D-HEV;0
1995;Italy;3;BEV;0
1995;Italy;3;CNG;0,000318187
1995;Italy;3;Diesel;0,100536719
1995;Italy;3;FCEV;0
1995;Italy;3;G-HEV;0
1995;Italy;3;G-PHEV;0
1995;Italy;3;Gasoline;0,898894231
1995;Italy;3;LPG;0,000250863
1995;Italy;3;D-HEV;0
1996;Italy;3;BEV;0
1996;Italy;3;CNG;0,00018746
1996;Italy;3;Diesel;0,155301769
1996;Italy;3;FCEV;0
1996;Italy;3;G-HEV;0
1996;Italy;3;G-PHEV;0
1996;Italy;3;Gasoline;0,844362975
1996;Italy;3;LPG;0,000147796
1996;Italy;3;D-HEV;0
1997;Italy;3;BEV;0
1997;Italy;3;CNG;0,00015746
1997;Italy;3;Diesel;0,177292949
1997;Italy;3;FCEV;0
1997;Italy;3;G-HEV;0
1997;Italy;3;G-PHEV;0
1997;Italy;3;Gasoline;0,822425449
1997;Italy;3;LPG;0,000124143
1997;Italy;3;D-HEV;0
1998;Italy;3;BEV;0
1998;Italy;3;CNG;0,000141984
1998;Italy;3;Diesel;0,220258865
1998;Italy;3;FCEV;0
1998;Italy;3;G-HEV;0
1998;Italy;3;G-PHEV;0
1998;Italy;3;Gasoline;0,779487209
1998;Italy;3;LPG;0,000111942
1998;Italy;3;D-HEV;0
1999;Italy;3;BEV;0
1999;Italy;3;CNG;0,000167746
1999;Italy;3;Diesel;0,268408527
1999;Italy;3;FCEV;0
1999;Italy;3;G-HEV;0
1999;Italy;3;G-PHEV;0
1999;Italy;3;Gasoline;0,731291473
1999;Italy;3;LPG;0,000132254
1999;Italy;3;D-HEV;0
2000;Italy;3;BEV;0
2000;Italy;3;CNG;0,000167746
2000;Italy;3;Diesel;0,316604264
2000;Italy;3;FCEV;0
2000;Italy;3;G-HEV;0
2000;Italy;3;G-PHEV;0
2000;Italy;3;Gasoline;0,683095736
2000;Italy;3;LPG;0,000132254
2000;Italy;3;D-HEV;0
2001;Italy;3;BEV;0
2001;Italy;3;CNG;0,002796054
2001;Italy;3;Diesel;0,360036004
2001;Italy;3;FCEV;0
2001;Italy;3;G-HEV;0
2001;Italy;3;G-PHEV;0
2001;Italy;3;Gasoline;0,634963496
2001;Italy;3;LPG;0,002204446
2001;Italy;3;D-HEV;0
2002;Italy;3;BEV;0
2002;Italy;3;CNG;0,001677633
2002;Italy;3;Diesel;0,430043004
2002;Italy;3;FCEV;0
2002;Italy;3;G-HEV;0
2002;Italy;3;G-PHEV;0
2002;Italy;3;Gasoline;0,566956696
2002;Italy;3;LPG;0,001322667
2002;Italy;3;D-HEV;0
2003;Italy;3;BEV;0
2003;Italy;3;CNG;0,001677633
2003;Italy;3;Diesel;0,490049005
2003;Italy;3;FCEV;0
2003;Italy;3;G-HEV;0
2003;Italy;3;G-PHEV;0
2003;Italy;3;Gasoline;0,506950695
2003;Italy;3;LPG;0,001322667
2003;Italy;3;D-HEV;0
2004;Italy;3;BEV;0
2004;Italy;3;CNG;0,002795775
2004;Italy;3;Diesel;0,58
2004;Italy;3;FCEV;0
2004;Italy;3;G-HEV;0
2004;Italy;3;G-PHEV;0
2004;Italy;3;Gasoline;0,415
2004;Italy;3;LPG;0,002204225
2004;Italy;3;D-HEV;0
2005;Italy;3;BEV;0
2005;Italy;3;CNG;0,005592668
2005;Italy;3;Diesel;0,590118024
2005;Italy;3;FCEV;0
2005;Italy;3;G-HEV;0
2005;Italy;3;G-PHEV;0
2005;Italy;3;Gasoline;0,399879976
2005;Italy;3;LPG;0,004409333
2005;Italy;3;D-HEV;0
2006;Italy;3;BEV;0
2006;Italy;3;CNG;0,006150704
2006;Italy;3;Diesel;0,59
2006;Italy;3;FCEV;0
2006;Italy;3;G-HEV;0,001
2006;Italy;3;G-PHEV;0
2006;Italy;3;Gasoline;0,398
2006;Italy;3;LPG;0,004849296
2006;Italy;3;D-HEV;0
2007;Italy;3;BEV;0
2007;Italy;3;CNG;0,016215493
2007;Italy;3;Diesel;0,56
2007;Italy;3;FCEV;0
2007;Italy;3;G-HEV;0,001
2007;Italy;3;G-PHEV;0
2007;Italy;3;Gasoline;0,41
2007;Italy;3;LPG;0,012784507
2007;Italy;3;D-HEV;0
2008;Italy;3;BEV;0
2008;Italy;3;CNG;0,0397
2008;Italy;3;Diesel;0,51
2008;Italy;3;FCEV;0
2008;Italy;3;G-HEV;0,002
2008;Italy;3;G-PHEV;0
2008;Italy;3;Gasoline;0,417
2008;Italy;3;LPG;0,0313
2008;Italy;3;D-HEV;0
2009;Italy;3;BEV;0
2009;Italy;3;CNG;0,055413557
2009;Italy;3;Diesel;0,429403946
2009;Italy;3;FCEV;0
2009;Italy;3;G-HEV;0,003067171
2009;Italy;3;G-PHEV;0
2009;Italy;3;Gasoline;0,369082916
2009;Italy;3;LPG;0,14303241
2009;Italy;3;D-HEV;0
2010;Italy;3;BEV;0
2010;Italy;3;CNG;0,033715781
2010;Italy;3;Diesel;0,462962963
2010;Italy;3;FCEV;0
2010;Italy;3;G-HEV;0,002012882
2010;Italy;3;G-PHEV;0
2010;Italy;3;Gasoline;0,359198873
2010;Italy;3;LPG;0,142109501
2010;Italy;3;D-HEV;0
2011;Italy;3;BEV;0,0000998
2011;Italy;3;CNG;0,021851926
2011;Italy;3;Diesel;0,548792656
2011;Italy;3;FCEV;0
2011;Italy;3;G-HEV;0,002993414
2011;Italy;3;G-PHEV;0
2011;Italy;3;Gasoline;0,393933347
2011;Italy;3;LPG;0,032328876
2011;Italy;3;D-HEV;0
2012;Italy;3;BEV;0,00039976
2012;Italy;3;CNG;0,038177094
2012;Italy;3;Diesel;0,529682191
2012;Italy;3;FCEV;0
2012;Italy;3;G-HEV;0,004997002
2012;Italy;3;G-PHEV;0,0000999
2012;Italy;3;Gasoline;0,335398761
2012;Italy;3;LPG;0,091245253
2012;Italy;3;D-HEV;0
2013;Italy;3;BEV;0,000597431
2013;Italy;3;CNG;0,055262372
2013;Italy;3;Diesel;0,537687942
2013;Italy;3;FCEV;0
2013;Italy;3;G-HEV;0,010952903
2013;Italy;3;G-PHEV;0,0000996
2013;Italy;3;Gasoline;0,306780842
2013;Italy;3;LPG;0,088618939
2013;Italy;3;D-HEV;0
2014;Italy;3;BEV;0,000798563
2014;Italy;3;CNG;0,053104412
2014;Italy;3;Diesel;0,549011779
2014;Italy;3;FCEV;0
2014;Italy;3;G-HEV;0,014973049
2014;Italy;3;G-PHEV;0,0000998
2014;Italy;3;Gasoline;0,290477141
2014;Italy;3;LPG;0,091535237
2014;Italy;3;D-HEV;0
2015;Italy;3;BEV;0,000997108
2015;Italy;3;CNG;0,039784625
2015;Italy;3;Diesel;0,558380696
2015;Italy;3;FCEV;0
2015;Italy;3;G-HEV;0,015953734
2015;Italy;3;G-PHEV;0,000498554
2015;Italy;3;Gasoline;0,308106491
2015;Italy;3;LPG;0,076278792
2015;Italy;3;D-HEV;0
2016;Italy;3;BEV;0,000798961
2016;Italy;3;CNG;0,023968841
2016;Italy;3;Diesel;0,569259962
2016;Italy;3;FCEV;0
2016;Italy;3;G-HEV;0,019974034
2016;Italy;3;G-PHEV;0,000699091
2016;Italy;3;Gasoline;0,329571557
2016;Italy;3;LPG;0,055727554
2016;Italy;3;D-HEV;0
2017;Italy;3;BEV;0,001098682
2017;Italy;3;CNG;0,016580104
2017;Italy;3;Diesel;0,56931682
2017;Italy;3;FCEV;0
2017;Italy;3;G-HEV;0,029964043
2017;Italy;3;G-PHEV;0,001298442
2017;Italy;3;Gasoline;0,316620056
2017;Italy;3;LPG;0,065121854
2017;Italy;3;D-HEV;0
2018;Italy;3;BEV;0,002696764
2018;Italy;3;CNG;0,019576508
2018;Italy;3;Diesel;0,509388734
2018;Italy;3;FCEV;0
2018;Italy;3;G-HEV;0,036955653
2018;Italy;3;G-PHEV;0,002397123
2018;Italy;3;Gasoline;0,363563724
2018;Italy;3;LPG;0,065421494
2018;Italy;3;D-HEV;0
2019;Italy;3;BEV;0,005681242
2019;Italy;3;CNG;0,020493051
2019;Italy;3;Diesel;0,415948057
2019;Italy;3;FCEV;0
2019;Italy;3;G-HEV;0,039565791
2019;Italy;3;G-PHEV;0,003449325
2019;Italy;3;Gasoline;0,447397788
2019;Italy;3;LPG;0,067464746
2019;Italy;3;D-HEV;0
2020;Italy;3;BEV;0,023481215
2020;Italy;3;CNG;0,022681855
2020;Italy;3;Diesel;0,349720224
2020;Italy;3;FCEV;0
2020;Italy;3;G-HEV;0,04696243
2020;Italy;3;G-PHEV;0,019884093
2020;Italy;3;Gasoline;0,469624301
2020;Italy;3;LPG;0,067645883
2020;Italy;3;D-HEV;0
2021;Italy;3;BEV;0,046474198
2021;Italy;3;CNG;0,020219294
2021;Italy;3;Diesel;0,261543104
2021;Italy;3;FCEV;0
2021;Italy;3;G-HEV;0,070415451
2021;Italy;3;G-PHEV;0,048586661
2021;Italy;3;Gasoline;0,485866613
2021;Italy;3;LPG;0,066894679
2021;Italy;3;D-HEV;0
2022;Italy;3;BEV;0,001519481
2022;Italy;3;CNG;0,003795368
2022;Italy;3;D-HEV;0
2022;Italy;3;Diesel;0,275619015
2022;Italy;3;FCEV;0
2022;Italy;3;G-HEV;0,018784686
2022;Italy;3;G-PHEV;0,000591133
2022;Italy;3;Gasoline;0,699690317
2022;Italy;3;LPG;0
2023;Italy;3;BEV;0,023973002
2023;Italy;3;CNG;0,00086256
2023;Italy;3;D-HEV;0
2023;Italy;3;Diesel;0,21030381
2023;Italy;3;FCEV;0
2023;Italy;3;G-HEV;0,097437199
2023;Italy;3;G-PHEV;0,006254707
2023;Italy;3;Gasoline;0,661168722
2023;Italy;3;LPG;0
2024;Italy;3;BEV;0,100738924
2024;Italy;3;CNG;0
2024;Italy;3;D-HEV;0
2024;Italy;3;Diesel;0,145020883
2024;Italy;3;FCEV;0
2024;Italy;3;G-HEV;0,124179448
2024;Italy;3;G-PHEV;0,015425287
2024;Italy;3;Gasoline;0,614635457
2024;Italy;3;LPG;0
2025;Italy;3;BEV;0,054570332
2025;Italy;3;CNG;0
2025;Italy;3;D-HEV;0
2025;Italy;3;Diesel;0,079770203
2025;Italy;3;FCEV;0
2025;Italy;3;G-HEV;0,086159454
2025;Italy;3;G-PHEV;0,01696052
2025;Italy;3;Gasoline;0,762539492
2025;Italy;3;LPG;0
2026;Italy;3;BEV;0,210409185
2026;Italy;3;CNG;0
2026;Italy;3;D-HEV;0
2026;Italy;3;Diesel;0,014551737
2026;Italy;3;FCEV;0
2026;Italy;3;G-HEV;0,138827407
2026;Italy;3;G-PHEV;0,047382824
2026;Italy;3;Gasoline;0,588828846
2026;Italy;3;LPG;0
2027;Italy;3;BEV;0,269789027
2027;Italy;3;CNG;0
2027;Italy;3;D-HEV;0
2027;Italy;3;Diesel;0
2027;Italy;3;FCEV;0
2027;Italy;3;G-HEV;0,061907777
2027;Italy;3;G-PHEV;0,047926759
2027;Italy;3;Gasoline;0,620376437
2027;Italy;3;LPG;0
2028;Italy;3;BEV;0,359489487
2028;Italy;3;CNG;0
2028;Italy;3;D-HEV;0
2028;Italy;3;Diesel;0
2028;Italy;3;FCEV;0
2028;Italy;3;G-HEV;0,011564208
2028;Italy;3;G-PHEV;0,04186281
2028;Italy;3;Gasoline;0,587083495
2028;Italy;3;LPG;0
2029;Italy;3;BEV;0,412907762
2029;Italy;3;CNG;0
2029;Italy;3;D-HEV;0
2029;Italy;3;Diesel;0
2029;Italy;3;FCEV;0
2029;Italy;3;G-HEV;0,003191936
2029;Italy;3;G-PHEV;0,041809484
2029;Italy;3;Gasoline;0,542090818
2029;Italy;3;LPG;0
2030;Italy;3;BEV;0,507899108
2030;Italy;3;CNG;0
2030;Italy;3;D-HEV;0
2030;Italy;3;Diesel;0
2030;Italy;3;FCEV;0
2030;Italy;3;G-HEV;0,000345228
2030;Italy;3;G-PHEV;0,028026338
2030;Italy;3;Gasoline;0,463729326
2030;Italy;3;LPG;0
2031;Italy;3;BEV;0,570714249
2031;Italy;3;CNG;0
2031;Italy;3;D-HEV;0
2031;Italy;3;Diesel;0
2031;Italy;3;FCEV;0
2031;Italy;3;G-HEV;0
2031;Italy;3;G-PHEV;0,024263332
2031;Italy;3;Gasoline;0,405022419
2031;Italy;3;LPG;0
2032;Italy;3;BEV;0,685494541
2032;Italy;3;CNG;0
2032;Italy;3;D-HEV;0
2032;Italy;3;Diesel;0
2032;Italy;3;FCEV;0
2032;Italy;3;G-HEV;0
2032;Italy;3;G-PHEV;0,015199771
2032;Italy;3;Gasoline;0,299305689
2032;Italy;3;LPG;0
2033;Italy;3;BEV;0,841483979
2033;Italy;3;CNG;0
2033;Italy;3;D-HEV;0
2033;Italy;3;Diesel;0
2033;Italy;3;FCEV;0
2033;Italy;3;G-HEV;0
2033;Italy;3;G-PHEV;0,006531539
2033;Italy;3;Gasoline;0,151984482
2033;Italy;3;LPG;0
2034;Italy;3;BEV;0,933308474
2034;Italy;3;CNG;0
2034;Italy;3;D-HEV;0
2034;Italy;3;Diesel;0
2034;Italy;3;FCEV;0
2034;Italy;3;G-HEV;0
2034;Italy;3;G-PHEV;0,002011324
2034;Italy;3;Gasoline;0,064680202
2034;Italy;3;LPG;0
2035;Italy;3;BEV;1
2035;Italy;3;CNG;0
2035;Italy;3;D-HEV;0
2035;Italy;3;Diesel;0
2035;Italy;3;FCEV;0
2035;Italy;3;G-HEV;0
2035;Italy;3;G-PHEV;0
2035;Italy;3;Gasoline;0
2035;Italy;3;LPG;0
2036;Italy;3;BEV;1
2036;Italy;3;CNG;0
2036;Italy;3;D-HEV;0
2036;Italy;3;Diesel;0
2036;Italy;3;FCEV;0
2036;Italy;3;G-HEV;0
2036;Italy;3;G-PHEV;0
2036;Italy;3;Gasoline;0
2036;Italy;3;LPG;0
2037;Italy;3;BEV;1
2037;Italy;3;CNG;0
2037;Italy;3;D-HEV;0
2037;Italy;3;Diesel;0
2037;Italy;3;FCEV;0
2037;Italy;3;G-HEV;0
2037;Italy;3;G-PHEV;0
2037;Italy;3;Gasoline;0
2037;Italy;3;LPG;0
2038;Italy;3;BEV;0,998850263
2038;Italy;3;CNG;0
2038;Italy;3;D-HEV;0
2038;Italy;3;Diesel;0
2038;Italy;3;FCEV;0,001149737
2038;Italy;3;G-HEV;0
2038;Italy;3;G-PHEV;0
2038;Italy;3;Gasoline;0
2038;Italy;3;LPG;0
2039;Italy;3;BEV;0,998850263
2039;Italy;3;CNG;0
2039;Italy;3;D-HEV;0
2039;Italy;3;Diesel;0
2039;Italy;3;FCEV;0,001149737
2039;Italy;3;G-HEV;0
2039;Italy;3;G-PHEV;0
2039;Italy;3;Gasoline;0
2039;Italy;3;LPG;0
2040;Italy;3;BEV;0,998668461
2040;Italy;3;CNG;0
2040;Italy;3;D-HEV;0
2040;Italy;3;Diesel;0
2040;Italy;3;FCEV;0,001331539
2040;Italy;3;G-HEV;0
2040;Italy;3;G-PHEV;0
2040;Italy;3;Gasoline;0
2040;Italy;3;LPG;0
2041;Italy;3;BEV;0,998616569
2041;Italy;3;CNG;0
2041;Italy;3;D-HEV;0
2041;Italy;3;Diesel;0
2041;Italy;3;FCEV;0,001383431
2041;Italy;3;G-HEV;0
2041;Italy;3;G-PHEV;0
2041;Italy;3;Gasoline;0
2041;Italy;3;LPG;0
2042;Italy;3;BEV;0,998616569
2042;Italy;3;CNG;0
2042;Italy;3;D-HEV;0
2042;Italy;3;Diesel;0
2042;Italy;3;FCEV;0,001383431
2042;Italy;3;G-HEV;0
2042;Italy;3;G-PHEV;0
2042;Italy;3;Gasoline;0
2042;Italy;3;LPG;0
2043;Italy;3;BEV;0,998389149
2043;Italy;3;CNG;0
2043;Italy;3;D-HEV;0
2043;Italy;3;Diesel;0
2043;Italy;3;FCEV;0,001610851
2043;Italy;3;G-HEV;0
2043;Italy;3;G-PHEV;0
2043;Italy;3;Gasoline;0
2043;Italy;3;LPG;0
2044;Italy;3;BEV;0,998389149
2044;Italy;3;CNG;0
2044;Italy;3;D-HEV;0
2044;Italy;3;Diesel;0
2044;Italy;3;FCEV;0,001610851
2044;Italy;3;G-HEV;0
2044;Italy;3;G-PHEV;0
2044;Italy;3;Gasoline;0
2044;Italy;3;LPG;0
2045;Italy;3;BEV;0,998267263
2045;Italy;3;CNG;0
2045;Italy;3;D-HEV;0
2045;Italy;3;Diesel;0
2045;Italy;3;FCEV;0,001732737
2045;Italy;3;G-HEV;0
2045;Italy;3;G-PHEV;0
2045;Italy;3;Gasoline;0
2045;Italy;3;LPG;0
2046;Italy;3;BEV;0,998267263
2046;Italy;3;CNG;0
2046;Italy;3;D-HEV;0
2046;Italy;3;Diesel;0
2046;Italy;3;FCEV;0,001732737
2046;Italy;3;G-HEV;0
2046;Italy;3;G-PHEV;0
2046;Italy;3;Gasoline;0
2046;Italy;3;LPG;0
2047;Italy;3;BEV;0,998267263
2047;Italy;3;CNG;0
2047;Italy;3;D-HEV;0
2047;Italy;3;Diesel;0
2047;Italy;3;FCEV;0,001732737
2047;Italy;3;G-HEV;0
2047;Italy;3;G-PHEV;0
2047;Italy;3;Gasoline;0
2047;Italy;3;LPG;0
2048;Italy;3;BEV;0,998267263
2048;Italy;3;CNG;0
2048;Italy;3;D-HEV;0
2048;Italy;3;Diesel;0
2048;Italy;3;FCEV;0,001732737
2048;Italy;3;G-HEV;0
2048;Italy;3;G-PHEV;0
2048;Italy;3;Gasoline;0
2048;Italy;3;LPG;0
2049;Italy;3;BEV;0,998267263
2049;Italy;3;CNG;0
2049;Italy;3;D-HEV;0
2049;Italy;3;Diesel;0
2049;Italy;3;FCEV;0,001732737
2049;Italy;3;G-HEV;0
2049;Italy;3;G-PHEV;0
2049;Italy;3;Gasoline;0
2049;Italy;3;LPG;0
2050;Italy;3;BEV;0,998267263
2050;Italy;3;CNG;0
2050;Italy;3;D-HEV;0
2050;Italy;3;Diesel;0
2050;Italy;3;FCEV;0,001732737
2050;Italy;3;G-HEV;0
2050;Italy;3;G-PHEV;0
2050;Italy;3;Gasoline;0
2050;Italy;3;LPG;0
1970;Netherlands;6;BEV;0
1970;Netherlands;6;CNG;0
1970;Netherlands;6;Diesel;0,170779736
1970;Netherlands;6;FCEV;0
1970;Netherlands;6;G-HEV;0
1970;Netherlands;6;G-PHEV;0
1970;Netherlands;6;Gasoline;0,829220264
1970;Netherlands;6;LPG;0
1970;Netherlands;6;D-HEV;0
1971;Netherlands;6;BEV;0
1971;Netherlands;6;CNG;0
1971;Netherlands;6;Diesel;0,170779736
1971;Netherlands;6;FCEV;0
1971;Netherlands;6;G-HEV;0
1971;Netherlands;6;G-PHEV;0
1971;Netherlands;6;Gasoline;0,829220264
1971;Netherlands;6;LPG;0
1971;Netherlands;6;D-HEV;0
1972;Netherlands;6;BEV;0
1972;Netherlands;6;CNG;0
1972;Netherlands;6;Diesel;0,170779736
1972;Netherlands;6;FCEV;0
1972;Netherlands;6;G-HEV;0
1972;Netherlands;6;G-PHEV;0
1972;Netherlands;6;Gasoline;0,829220264
1972;Netherlands;6;LPG;0
1972;Netherlands;6;D-HEV;0
1973;Netherlands;6;BEV;0
1973;Netherlands;6;CNG;0
1973;Netherlands;6;Diesel;0,170779736
1973;Netherlands;6;FCEV;0
1973;Netherlands;6;G-HEV;0
1973;Netherlands;6;G-PHEV;0
1973;Netherlands;6;Gasoline;0,829220264
1973;Netherlands;6;LPG;0
1973;Netherlands;6;D-HEV;0
1974;Netherlands;6;BEV;0
1974;Netherlands;6;CNG;0
1974;Netherlands;6;Diesel;0,170779736
1974;Netherlands;6;FCEV;0
1974;Netherlands;6;G-HEV;0
1974;Netherlands;6;G-PHEV;0
1974;Netherlands;6;Gasoline;0,829220264
1974;Netherlands;6;LPG;0
1974;Netherlands;6;D-HEV;0
1975;Netherlands;6;BEV;0
1975;Netherlands;6;CNG;0
1975;Netherlands;6;Diesel;0,170779736
1975;Netherlands;6;FCEV;0
1975;Netherlands;6;G-HEV;0
1975;Netherlands;6;G-PHEV;0
1975;Netherlands;6;Gasoline;0,829220264
1975;Netherlands;6;LPG;0
1975;Netherlands;6;D-HEV;0
1976;Netherlands;6;BEV;0
1976;Netherlands;6;CNG;0
1976;Netherlands;6;Diesel;0,170779736
1976;Netherlands;6;FCEV;0
1976;Netherlands;6;G-HEV;0
1976;Netherlands;6;G-PHEV;0
1976;Netherlands;6;Gasoline;0,829220264
1976;Netherlands;6;LPG;0
1976;Netherlands;6;D-HEV;0
1977;Netherlands;6;BEV;0
1977;Netherlands;6;CNG;0
1977;Netherlands;6;Diesel;0,170779736
1977;Netherlands;6;FCEV;0
1977;Netherlands;6;G-HEV;0
1977;Netherlands;6;G-PHEV;0
1977;Netherlands;6;Gasoline;0,829220264
1977;Netherlands;6;LPG;0
1977;Netherlands;6;D-HEV;0
1978;Netherlands;6;BEV;0
1978;Netherlands;6;CNG;0
1978;Netherlands;6;Diesel;0,170779736
1978;Netherlands;6;FCEV;0
1978;Netherlands;6;G-HEV;0
1978;Netherlands;6;G-PHEV;0
1978;Netherlands;6;Gasoline;0,829220264
1978;Netherlands;6;LPG;0
1978;Netherlands;6;D-HEV;0
1979;Netherlands;6;BEV;0
1979;Netherlands;6;CNG;0
1979;Netherlands;6;Diesel;0,170779736
1979;Netherlands;6;FCEV;0
1979;Netherlands;6;G-HEV;0
1979;Netherlands;6;G-PHEV;0
1979;Netherlands;6;Gasoline;0,829220264
1979;Netherlands;6;LPG;0
1979;Netherlands;6;D-HEV;0
1980;Netherlands;6;BEV;0
1980;Netherlands;6;CNG;0
1980;Netherlands;6;Diesel;0,170779736
1980;Netherlands;6;FCEV;0
1980;Netherlands;6;G-HEV;0
1980;Netherlands;6;G-PHEV;0
1980;Netherlands;6;Gasoline;0,829220264
1980;Netherlands;6;LPG;0
1980;Netherlands;6;D-HEV;0
1981;Netherlands;6;BEV;0
1981;Netherlands;6;CNG;0
1981;Netherlands;6;Diesel;0,170779736
1981;Netherlands;6;FCEV;0
1981;Netherlands;6;G-HEV;0
1981;Netherlands;6;G-PHEV;0
1981;Netherlands;6;Gasoline;0,829220264
1981;Netherlands;6;LPG;0
1981;Netherlands;6;D-HEV;0
1982;Netherlands;6;BEV;0
1982;Netherlands;6;CNG;0
1982;Netherlands;6;Diesel;0,170779736
1982;Netherlands;6;FCEV;0
1982;Netherlands;6;G-HEV;0
1982;Netherlands;6;G-PHEV;0
1982;Netherlands;6;Gasoline;0,829220264
1982;Netherlands;6;LPG;0
1982;Netherlands;6;D-HEV;0
1983;Netherlands;6;BEV;0
1983;Netherlands;6;CNG;0
1983;Netherlands;6;Diesel;0,170779736
1983;Netherlands;6;FCEV;0
1983;Netherlands;6;G-HEV;0
1983;Netherlands;6;G-PHEV;0
1983;Netherlands;6;Gasoline;0,829220264
1983;Netherlands;6;LPG;0
1983;Netherlands;6;D-HEV;0
1984;Netherlands;6;BEV;0
1984;Netherlands;6;CNG;0
1984;Netherlands;6;Diesel;0,170779736
1984;Netherlands;6;FCEV;0
1984;Netherlands;6;G-HEV;0
1984;Netherlands;6;G-PHEV;0
1984;Netherlands;6;Gasoline;0,829220264
1984;Netherlands;6;LPG;0
1984;Netherlands;6;D-HEV;0
1985;Netherlands;6;BEV;0
1985;Netherlands;6;CNG;0
1985;Netherlands;6;Diesel;0,170779736
1985;Netherlands;6;FCEV;0
1985;Netherlands;6;G-HEV;0
1985;Netherlands;6;G-PHEV;0
1985;Netherlands;6;Gasoline;0,829220264
1985;Netherlands;6;LPG;0
1985;Netherlands;6;D-HEV;0
1986;Netherlands;6;BEV;0
1986;Netherlands;6;CNG;0
1986;Netherlands;6;Diesel;0,170779736
1986;Netherlands;6;FCEV;0
1986;Netherlands;6;G-HEV;0
1986;Netherlands;6;G-PHEV;0
1986;Netherlands;6;Gasoline;0,829220264
1986;Netherlands;6;LPG;0
1986;Netherlands;6;D-HEV;0
1987;Netherlands;6;BEV;0
1987;Netherlands;6;CNG;0
1987;Netherlands;6;Diesel;0,170779736
1987;Netherlands;6;FCEV;0
1987;Netherlands;6;G-HEV;0
1987;Netherlands;6;G-PHEV;0
1987;Netherlands;6;Gasoline;0,829220264
1987;Netherlands;6;LPG;0
1987;Netherlands;6;D-HEV;0
1988;Netherlands;6;BEV;0
1988;Netherlands;6;CNG;0
1988;Netherlands;6;Diesel;0,170779736
1988;Netherlands;6;FCEV;0
1988;Netherlands;6;G-HEV;0
1988;Netherlands;6;G-PHEV;0
1988;Netherlands;6;Gasoline;0,829220264
1988;Netherlands;6;LPG;0
1988;Netherlands;6;D-HEV;0
1989;Netherlands;6;BEV;0
1989;Netherlands;6;CNG;0
1989;Netherlands;6;Diesel;0,170779736
1989;Netherlands;6;FCEV;0
1989;Netherlands;6;G-HEV;0
1989;Netherlands;6;G-PHEV;0
1989;Netherlands;6;Gasoline;0,829220264
1989;Netherlands;6;LPG;0
1989;Netherlands;6;D-HEV;0
1990;Netherlands;6;BEV;0
1990;Netherlands;6;CNG;0
1990;Netherlands;6;Diesel;0,170779736
1990;Netherlands;6;FCEV;0
1990;Netherlands;6;G-HEV;0
1990;Netherlands;6;G-PHEV;0
1990;Netherlands;6;Gasoline;0,829220264
1990;Netherlands;6;LPG;0
1990;Netherlands;6;D-HEV;0
1991;Netherlands;6;BEV;0
1991;Netherlands;6;CNG;0
1991;Netherlands;6;Diesel;0,170779736
1991;Netherlands;6;FCEV;0
1991;Netherlands;6;G-HEV;0
1991;Netherlands;6;G-PHEV;0
1991;Netherlands;6;Gasoline;0,829220264
1991;Netherlands;6;LPG;0
1991;Netherlands;6;D-HEV;0
1992;Netherlands;6;BEV;0
1992;Netherlands;6;CNG;0
1992;Netherlands;6;Diesel;0,170779736
1992;Netherlands;6;FCEV;0
1992;Netherlands;6;G-HEV;0
1992;Netherlands;6;G-PHEV;0
1992;Netherlands;6;Gasoline;0,829220264
1992;Netherlands;6;LPG;0
1992;Netherlands;6;D-HEV;0
1993;Netherlands;6;BEV;0
1993;Netherlands;6;CNG;0
1993;Netherlands;6;Diesel;0,170779736
1993;Netherlands;6;FCEV;0
1993;Netherlands;6;G-HEV;0
1993;Netherlands;6;G-PHEV;0
1993;Netherlands;6;Gasoline;0,829220264
1993;Netherlands;6;LPG;0
1993;Netherlands;6;D-HEV;0
1994;Netherlands;6;BEV;0
1994;Netherlands;6;CNG;0
1994;Netherlands;6;Diesel;0,170779736
1994;Netherlands;6;FCEV;0
1994;Netherlands;6;G-HEV;0
1994;Netherlands;6;G-PHEV;0
1994;Netherlands;6;Gasoline;0,829220264
1994;Netherlands;6;LPG;0
1994;Netherlands;6;D-HEV;0
1995;Netherlands;6;BEV;0
1995;Netherlands;6;CNG;0
1995;Netherlands;6;Diesel;0,170779736
1995;Netherlands;6;FCEV;0
1995;Netherlands;6;G-HEV;0
1995;Netherlands;6;G-PHEV;0
1995;Netherlands;6;Gasoline;0,829220264
1995;Netherlands;6;LPG;0
1995;Netherlands;6;D-HEV;0
1996;Netherlands;6;BEV;0
1996;Netherlands;6;CNG;0
1996;Netherlands;6;Diesel;0,170779736
1996;Netherlands;6;FCEV;0
1996;Netherlands;6;G-HEV;0
1996;Netherlands;6;G-PHEV;0
1996;Netherlands;6;Gasoline;0,829220264
1996;Netherlands;6;LPG;0
1996;Netherlands;6;D-HEV;0
1997;Netherlands;6;BEV;0
1997;Netherlands;6;CNG;0
1997;Netherlands;6;Diesel;0,170779736
1997;Netherlands;6;FCEV;0
1997;Netherlands;6;G-HEV;0
1997;Netherlands;6;G-PHEV;0
1997;Netherlands;6;Gasoline;0,829220264
1997;Netherlands;6;LPG;0
1997;Netherlands;6;D-HEV;0
1998;Netherlands;6;BEV;0
1998;Netherlands;6;CNG;0
1998;Netherlands;6;Diesel;0,203397268
1998;Netherlands;6;FCEV;0
1998;Netherlands;6;G-HEV;0
1998;Netherlands;6;G-PHEV;0
1998;Netherlands;6;Gasoline;0,796602732
1998;Netherlands;6;LPG;0
1998;Netherlands;6;D-HEV;0
1999;Netherlands;6;BEV;0
1999;Netherlands;6;CNG;0
1999;Netherlands;6;Diesel;0,228501035
1999;Netherlands;6;FCEV;0
1999;Netherlands;6;G-HEV;0
1999;Netherlands;6;G-PHEV;0
1999;Netherlands;6;Gasoline;0,771498965
1999;Netherlands;6;LPG;0
1999;Netherlands;6;D-HEV;0
2000;Netherlands;6;BEV;0
2000;Netherlands;6;CNG;0
2000;Netherlands;6;Diesel;0,225219912
2000;Netherlands;6;FCEV;0
2000;Netherlands;6;G-HEV;0
2000;Netherlands;6;G-PHEV;0
2000;Netherlands;6;Gasoline;0,774780088
2000;Netherlands;6;LPG;0
2000;Netherlands;6;D-HEV;0
2001;Netherlands;6;BEV;0
2001;Netherlands;6;CNG;0
2001;Netherlands;6;Diesel;0,23
2001;Netherlands;6;FCEV;0
2001;Netherlands;6;G-HEV;0,001
2001;Netherlands;6;G-PHEV;0
2001;Netherlands;6;Gasoline;0,769
2001;Netherlands;6;LPG;0
2001;Netherlands;6;D-HEV;0
2002;Netherlands;6;BEV;0
2002;Netherlands;6;CNG;0
2002;Netherlands;6;Diesel;0,22
2002;Netherlands;6;FCEV;0
2002;Netherlands;6;G-HEV;0
2002;Netherlands;6;G-PHEV;0
2002;Netherlands;6;Gasoline;0,78
2002;Netherlands;6;LPG;0
2002;Netherlands;6;D-HEV;0
2003;Netherlands;6;BEV;0
2003;Netherlands;6;CNG;0
2003;Netherlands;6;Diesel;0,23
2003;Netherlands;6;FCEV;0
2003;Netherlands;6;G-HEV;0
2003;Netherlands;6;G-PHEV;0
2003;Netherlands;6;Gasoline;0,77
2003;Netherlands;6;LPG;0
2003;Netherlands;6;D-HEV;0
2004;Netherlands;6;BEV;0
2004;Netherlands;6;CNG;0
2004;Netherlands;6;Diesel;0,25
2004;Netherlands;6;FCEV;0
2004;Netherlands;6;G-HEV;0,002
2004;Netherlands;6;G-PHEV;0
2004;Netherlands;6;Gasoline;0,748
2004;Netherlands;6;LPG;0
2004;Netherlands;6;D-HEV;0
2005;Netherlands;6;BEV;0
2005;Netherlands;6;CNG;0
2005;Netherlands;6;Diesel;0,27
2005;Netherlands;6;FCEV;0
2005;Netherlands;6;G-HEV;0,006
2005;Netherlands;6;G-PHEV;0
2005;Netherlands;6;Gasoline;0,724
2005;Netherlands;6;LPG;0
2005;Netherlands;6;D-HEV;0
2006;Netherlands;6;BEV;0
2006;Netherlands;6;CNG;0
2006;Netherlands;6;Diesel;0,27027027
2006;Netherlands;6;FCEV;0
2006;Netherlands;6;G-HEV;0,007007007
2006;Netherlands;6;G-PHEV;0
2006;Netherlands;6;Gasoline;0,722722723
2006;Netherlands;6;LPG;0
2006;Netherlands;6;D-HEV;0
2007;Netherlands;6;BEV;0
2007;Netherlands;6;CNG;0
2007;Netherlands;6;Diesel;0,28028028
2007;Netherlands;6;FCEV;0
2007;Netherlands;6;G-HEV;0,007007007
2007;Netherlands;6;G-PHEV;0
2007;Netherlands;6;Gasoline;0,712712713
2007;Netherlands;6;LPG;0
2007;Netherlands;6;D-HEV;0
2008;Netherlands;6;BEV;0
2008;Netherlands;6;CNG;0
2008;Netherlands;6;Diesel;0,25025025
2008;Netherlands;6;FCEV;0
2008;Netherlands;6;G-HEV;0,024024024
2008;Netherlands;6;G-PHEV;0
2008;Netherlands;6;Gasoline;0,725725726
2008;Netherlands;6;LPG;0
2008;Netherlands;6;D-HEV;0
2009;Netherlands;6;BEV;0,0000998
2009;Netherlands;6;CNG;0,001996008
2009;Netherlands;6;Diesel;0,199600798
2009;Netherlands;6;FCEV;0
2009;Netherlands;6;G-HEV;0,041916168
2009;Netherlands;6;G-PHEV;0
2009;Netherlands;6;Gasoline;0,756387226
2009;Netherlands;6;LPG;0
2009;Netherlands;6;D-HEV;0
2010;Netherlands;6;BEV;0,000198708
2010;Netherlands;6;CNG;0,000894188
2010;Netherlands;6;Diesel;0,198708395
2010;Netherlands;6;FCEV;0
2010;Netherlands;6;G-HEV;0,032786885
2010;Netherlands;6;G-PHEV;0
2010;Netherlands;6;Gasoline;0,757774466
2010;Netherlands;6;LPG;0,009637357
2010;Netherlands;6;D-HEV;0
2011;Netherlands;6;BEV;0,001495066
2011;Netherlands;6;CNG;0,001196053
2011;Netherlands;6;Diesel;0,279079039
2011;Netherlands;6;FCEV;0
2011;Netherlands;6;G-HEV;0,026911193
2011;Netherlands;6;G-PHEV;0
2011;Netherlands;6;Gasoline;0,677165354
2011;Netherlands;6;LPG;0,014153294
2011;Netherlands;6;D-HEV;0
2012;Netherlands;6;BEV;0,00159442
2012;Netherlands;6;CNG;0,002192327
2012;Netherlands;6;Diesel;0,279023418
2012;Netherlands;6;FCEV;0
2012;Netherlands;6;G-HEV;0,044843049
2012;Netherlands;6;G-PHEV;0,008570005
2012;Netherlands;6;Gasoline;0,646138515
2012;Netherlands;6;LPG;0,017638266
2012;Netherlands;6;D-HEV;0
2013;Netherlands;6;BEV;0,007459718
2013;Netherlands;6;CNG;0,001491944
2013;Netherlands;6;Diesel;0,248657251
2013;Netherlands;6;FCEV;0
2013;Netherlands;6;G-HEV;0,056693853
2013;Netherlands;6;G-PHEV;0,046946489
2013;Netherlands;6;Gasoline;0,62930177
2013;Netherlands;6;LPG;0,009448976
2013;Netherlands;6;D-HEV;0
2014;Netherlands;6;BEV;0,00829917
2014;Netherlands;6;CNG;0,00819918
2014;Netherlands;6;Diesel;0,269973003
2014;Netherlands;6;FCEV;0
2014;Netherlands;6;G-HEV;0,0369963
2014;Netherlands;6;G-PHEV;0,03049695
2014;Netherlands;6;Gasoline;0,642935706
2014;Netherlands;6;LPG;0,00309969
2014;Netherlands;6;D-HEV;0
2015;Netherlands;6;BEV;0,008405043
2015;Netherlands;6;CNG;0,001701021
2015;Netherlands;6;Diesel;0,290174104
2015;Netherlands;6;FCEV;0
2015;Netherlands;6;G-HEV;0,033019812
2015;Netherlands;6;G-PHEV;0,087152291
2015;Netherlands;6;Gasoline;0,578347008
2015;Netherlands;6;LPG;0,00120072
2015;Netherlands;6;D-HEV;0
2016;Netherlands;6;BEV;0,010491607
2016;Netherlands;6;CNG;0,001698641
2016;Netherlands;6;Diesel;0,189848122
2016;Netherlands;6;FCEV;0
2016;Netherlands;6;G-HEV;0,028976819
2016;Netherlands;6;G-PHEV;0,048960831
2016;Netherlands;6;Gasoline;0,717426059
2016;Netherlands;6;LPG;0,002597922
2016;Netherlands;6;D-HEV;0
2017;Netherlands;6;BEV;0,019075202
2017;Netherlands;6;CNG;0,002297014
2017;Netherlands;6;Diesel;0,179766304
2017;Netherlands;6;FCEV;0
2017;Netherlands;6;G-HEV;0,041945471
2017;Netherlands;6;G-PHEV;0,002796365
2017;Netherlands;6;Gasoline;0,751023669
2017;Netherlands;6;LPG;0,003095975
2017;Netherlands;6;D-HEV;0
2018;Netherlands;6;BEV;0,053823795
2018;Netherlands;6;CNG;0,002405533
2018;Netherlands;6;Diesel;0,130299689
2018;Netherlands;6;FCEV;0
2018;Netherlands;6;G-HEV;0,046106044
2018;Netherlands;6;G-PHEV;0,006314523
2018;Netherlands;6;Gasoline;0,758745114
2018;Netherlands;6;LPG;0,002305302
2018;Netherlands;6;D-HEV;0
2019;Netherlands;6;BEV;0,139872843
2019;Netherlands;6;CNG;0,00060551
2019;Netherlands;6;Diesel;0,080734686
2019;Netherlands;6;FCEV;0,000403673
2019;Netherlands;6;G-HEV;0,054495913
2019;Netherlands;6;G-PHEV;0,011201938
2019;Netherlands;6;Gasoline;0,711474417
2019;Netherlands;6;LPG;0,00121102
2019;Netherlands;6;D-HEV;0
2020;Netherlands;6;BEV;0,204055134
2020;Netherlands;6;CNG;0,00019976
2020;Netherlands;6;Diesel;0,039952058
2020;Netherlands;6;FCEV;0,000399521
2020;Netherlands;6;G-HEV;0,069916101
2020;Netherlands;6;G-PHEV;0,044446664
2020;Netherlands;6;Gasoline;0,635237715
2020;Netherlands;6;LPG;0,005793048
2020;Netherlands;6;D-HEV;0
2021;Netherlands;6;BEV;0,200020113
2021;Netherlands;6;CNG;0,000100563
2021;Netherlands;6;Diesel;0,010056315
2021;Netherlands;6;FCEV;0,000402253
2021;Netherlands;6;G-HEV;0,086484312
2021;Netherlands;6;G-PHEV;0,096440064
2021;Netherlands;6;Gasoline;0,601367659
2021;Netherlands;6;LPG;0,005128721
2021;Netherlands;6;D-HEV;0
2022;Netherlands;6;BEV;0,621743447
2022;Netherlands;6;CNG;0
2022;Netherlands;6;D-HEV;0
2022;Netherlands;6;Diesel;0
2022;Netherlands;6;FCEV;0
2022;Netherlands;6;G-HEV;0,215230992
2022;Netherlands;6;G-PHEV;0,041373766
2022;Netherlands;6;Gasoline;0,121651796
2022;Netherlands;6;LPG;0
2023;Netherlands;6;BEV;0,77034149
2023;Netherlands;6;CNG;0
2023;Netherlands;6;D-HEV;0
2023;Netherlands;6;Diesel;0
2023;Netherlands;6;FCEV;0
2023;Netherlands;6;G-HEV;0,138509005
2023;Netherlands;6;G-PHEV;0,068946571
2023;Netherlands;6;Gasoline;0,022202934
2023;Netherlands;6;LPG;0
2024;Netherlands;6;BEV;0,8591014
2024;Netherlands;6;CNG;0
2024;Netherlands;6;D-HEV;0
2024;Netherlands;6;Diesel;0
2024;Netherlands;6;FCEV;0
2024;Netherlands;6;G-HEV;0,094140735
2024;Netherlands;6;G-PHEV;0,035099279
2024;Netherlands;6;Gasoline;0,011658586
2024;Netherlands;6;LPG;0
2025;Netherlands;6;BEV;0,916083216
2025;Netherlands;6;CNG;0
2025;Netherlands;6;D-HEV;0
2025;Netherlands;6;Diesel;0
2025;Netherlands;6;FCEV;0
2025;Netherlands;6;G-HEV;0,079719504
2025;Netherlands;6;G-PHEV;0
2025;Netherlands;6;Gasoline;0,00419728
2025;Netherlands;6;LPG;0
2026;Netherlands;6;BEV;0,906646214
2026;Netherlands;6;CNG;0
2026;Netherlands;6;D-HEV;0
2026;Netherlands;6;Diesel;0
2026;Netherlands;6;FCEV;0
2026;Netherlands;6;G-HEV;0,093353786
2026;Netherlands;6;G-PHEV;0
2026;Netherlands;6;Gasoline;0
2026;Netherlands;6;LPG;0
2027;Netherlands;6;BEV;0,914562709
2027;Netherlands;6;CNG;0
2027;Netherlands;6;D-HEV;0
2027;Netherlands;6;Diesel;0
2027;Netherlands;6;FCEV;0,000437512
2027;Netherlands;6;G-HEV;0,084999779
2027;Netherlands;6;G-PHEV;0
2027;Netherlands;6;Gasoline;0
2027;Netherlands;6;LPG;0
2028;Netherlands;6;BEV;0,929075812
2028;Netherlands;6;CNG;0
2028;Netherlands;6;D-HEV;0
2028;Netherlands;6;Diesel;0
2028;Netherlands;6;FCEV;0
2028;Netherlands;6;G-HEV;0,070924188
2028;Netherlands;6;G-PHEV;0
2028;Netherlands;6;Gasoline;0
2028;Netherlands;6;LPG;0
2029;Netherlands;6;BEV;0,945398776
2029;Netherlands;6;CNG;0
2029;Netherlands;6;D-HEV;0
2029;Netherlands;6;Diesel;0
2029;Netherlands;6;FCEV;0,000437512
2029;Netherlands;6;G-HEV;0,049519168
2029;Netherlands;6;G-PHEV;0
2029;Netherlands;6;Gasoline;0,004644544
2029;Netherlands;6;LPG;0
2030;Netherlands;6;BEV;0,975388547
2030;Netherlands;6;CNG;0
2030;Netherlands;6;D-HEV;0
2030;Netherlands;6;Diesel;0
2030;Netherlands;6;FCEV;0
2030;Netherlands;6;G-HEV;0
2030;Netherlands;6;G-PHEV;0
2030;Netherlands;6;Gasoline;0,024611453
2030;Netherlands;6;LPG;0
2031;Netherlands;6;BEV;0,995065813
2031;Netherlands;6;CNG;0
2031;Netherlands;6;D-HEV;0
2031;Netherlands;6;Diesel;0
2031;Netherlands;6;FCEV;0,001477782
2031;Netherlands;6;G-HEV;0
2031;Netherlands;6;G-PHEV;0
2031;Netherlands;6;Gasoline;0,003456405
2031;Netherlands;6;LPG;0
2032;Netherlands;6;BEV;0,998003757
2032;Netherlands;6;CNG;0
2032;Netherlands;6;D-HEV;0
2032;Netherlands;6;Diesel;0
2032;Netherlands;6;FCEV;0,001477782
2032;Netherlands;6;G-HEV;0
2032;Netherlands;6;G-PHEV;0
2032;Netherlands;6;Gasoline;0,000518461
2032;Netherlands;6;LPG;0
2033;Netherlands;6;BEV;0,998312904
2033;Netherlands;6;CNG;0
2033;Netherlands;6;D-HEV;0
2033;Netherlands;6;Diesel;0
2033;Netherlands;6;FCEV;0,001687096
2033;Netherlands;6;G-HEV;0
2033;Netherlands;6;G-PHEV;0
2033;Netherlands;6;Gasoline;0
2033;Netherlands;6;LPG;0
2034;Netherlands;6;BEV;0,998312904
2034;Netherlands;6;CNG;0
2034;Netherlands;6;D-HEV;0
2034;Netherlands;6;Diesel;0
2034;Netherlands;6;FCEV;0,001687096
2034;Netherlands;6;G-HEV;0
2034;Netherlands;6;G-PHEV;0
2034;Netherlands;6;Gasoline;0
2034;Netherlands;6;LPG;0
2035;Netherlands;6;BEV;0,997809294
2035;Netherlands;6;CNG;0
2035;Netherlands;6;D-HEV;0
2035;Netherlands;6;Diesel;0
2035;Netherlands;6;FCEV;0,002190706
2035;Netherlands;6;G-HEV;0
2035;Netherlands;6;G-PHEV;0
2035;Netherlands;6;Gasoline;0
2035;Netherlands;6;LPG;0
2036;Netherlands;6;BEV;0,997809294
2036;Netherlands;6;CNG;0
2036;Netherlands;6;D-HEV;0
2036;Netherlands;6;Diesel;0
2036;Netherlands;6;FCEV;0,002190706
2036;Netherlands;6;G-HEV;0
2036;Netherlands;6;G-PHEV;0
2036;Netherlands;6;Gasoline;0
2036;Netherlands;6;LPG;0
2037;Netherlands;6;BEV;0,997809294
2037;Netherlands;6;CNG;0
2037;Netherlands;6;D-HEV;0
2037;Netherlands;6;Diesel;0
2037;Netherlands;6;FCEV;0,002190706
2037;Netherlands;6;G-HEV;0
2037;Netherlands;6;G-PHEV;0
2037;Netherlands;6;Gasoline;0
2037;Netherlands;6;LPG;0
2038;Netherlands;6;BEV;0,997809294
2038;Netherlands;6;CNG;0
2038;Netherlands;6;D-HEV;0
2038;Netherlands;6;Diesel;0
2038;Netherlands;6;FCEV;0,002190706
2038;Netherlands;6;G-HEV;0
2038;Netherlands;6;G-PHEV;0
2038;Netherlands;6;Gasoline;0
2038;Netherlands;6;LPG;0
2039;Netherlands;6;BEV;0,997809294
2039;Netherlands;6;CNG;0
2039;Netherlands;6;D-HEV;0
2039;Netherlands;6;Diesel;0
2039;Netherlands;6;FCEV;0,002190706
2039;Netherlands;6;G-HEV;0
2039;Netherlands;6;G-PHEV;0
2039;Netherlands;6;Gasoline;0
2039;Netherlands;6;LPG;0
2040;Netherlands;6;BEV;0,997809294
2040;Netherlands;6;CNG;0
2040;Netherlands;6;D-HEV;0
2040;Netherlands;6;Diesel;0
2040;Netherlands;6;FCEV;0,002190706
2040;Netherlands;6;G-HEV;0
2040;Netherlands;6;G-PHEV;0
2040;Netherlands;6;Gasoline;0
2040;Netherlands;6;LPG;0
2041;Netherlands;6;BEV;0,997809294
2041;Netherlands;6;CNG;0
2041;Netherlands;6;D-HEV;0
2041;Netherlands;6;Diesel;0
2041;Netherlands;6;FCEV;0,002190706
2041;Netherlands;6;G-HEV;0
2041;Netherlands;6;G-PHEV;0
2041;Netherlands;6;Gasoline;0
2041;Netherlands;6;LPG;0
2042;Netherlands;6;BEV;0,997809294
2042;Netherlands;6;CNG;0
2042;Netherlands;6;D-HEV;0
2042;Netherlands;6;Diesel;0
2042;Netherlands;6;FCEV;0,002190706
2042;Netherlands;6;G-HEV;0
2042;Netherlands;6;G-PHEV;0
2042;Netherlands;6;Gasoline;0
2042;Netherlands;6;LPG;0
2043;Netherlands;6;BEV;0,99664312
2043;Netherlands;6;CNG;0
2043;Netherlands;6;D-HEV;0
2043;Netherlands;6;Diesel;0
2043;Netherlands;6;FCEV;0,00335688
2043;Netherlands;6;G-HEV;0
2043;Netherlands;6;G-PHEV;0
2043;Netherlands;6;Gasoline;0
2043;Netherlands;6;LPG;0
2044;Netherlands;6;BEV;0,99664312
2044;Netherlands;6;CNG;0
2044;Netherlands;6;D-HEV;0
2044;Netherlands;6;Diesel;0
2044;Netherlands;6;FCEV;0,00335688
2044;Netherlands;6;G-HEV;0
2044;Netherlands;6;G-PHEV;0
2044;Netherlands;6;Gasoline;0
2044;Netherlands;6;LPG;0
2045;Netherlands;6;BEV;0,99664312
2045;Netherlands;6;CNG;0
2045;Netherlands;6;D-HEV;0
2045;Netherlands;6;Diesel;0
2045;Netherlands;6;FCEV;0,00335688
2045;Netherlands;6;G-HEV;0
2045;Netherlands;6;G-PHEV;0
2045;Netherlands;6;Gasoline;0
2045;Netherlands;6;LPG;0
2046;Netherlands;6;BEV;0,99664312
2046;Netherlands;6;CNG;0
2046;Netherlands;6;D-HEV;0
2046;Netherlands;6;Diesel;0
2046;Netherlands;6;FCEV;0,00335688
2046;Netherlands;6;G-HEV;0
2046;Netherlands;6;G-PHEV;0
2046;Netherlands;6;Gasoline;0
2046;Netherlands;6;LPG;0
2047;Netherlands;6;BEV;0,99664312
2047;Netherlands;6;CNG;0
2047;Netherlands;6;D-HEV;0
2047;Netherlands;6;Diesel;0
2047;Netherlands;6;FCEV;0,00335688
2047;Netherlands;6;G-HEV;0
2047;Netherlands;6;G-PHEV;0
2047;Netherlands;6;Gasoline;0
2047;Netherlands;6;LPG;0
2048;Netherlands;6;BEV;0,99664312
2048;Netherlands;6;CNG;0
2048;Netherlands;6;D-HEV;0
2048;Netherlands;6;Diesel;0
2048;Netherlands;6;FCEV;0,00335688
2048;Netherlands;6;G-HEV;0
2048;Netherlands;6;G-PHEV;0
2048;Netherlands;6;Gasoline;0
2048;Netherlands;6;LPG;0
2049;Netherlands;6;BEV;0,99664312
2049;Netherlands;6;CNG;0
2049;Netherlands;6;D-HEV;0
2049;Netherlands;6;Diesel;0
2049;Netherlands;6;FCEV;0,00335688
2049;Netherlands;6;G-HEV;0
2049;Netherlands;6;G-PHEV;0
2049;Netherlands;6;Gasoline;0
2049;Netherlands;6;LPG;0
2050;Netherlands;6;BEV;0,99664312
2050;Netherlands;6;CNG;0
2050;Netherlands;6;D-HEV;0
2050;Netherlands;6;Diesel;0
2050;Netherlands;6;FCEV;0,00335688
2050;Netherlands;6;G-HEV;0
2050;Netherlands;6;G-PHEV;0
2050;Netherlands;6;Gasoline;0
2050;Netherlands;6;LPG;0
1970;Norway;5;BEV;0
1970;Norway;5;CNG;0
1970;Norway;5;Diesel;0,020160157
1970;Norway;5;FCEV;0
1970;Norway;5;G-HEV;0
1970;Norway;5;G-PHEV;0
1970;Norway;5;Gasoline;0,979839843
1970;Norway;5;LPG;0
1970;Norway;5;D-HEV;0
1971;Norway;5;BEV;0
1971;Norway;5;CNG;0
1971;Norway;5;Diesel;0,020160157
1971;Norway;5;FCEV;0
1971;Norway;5;G-HEV;0
1971;Norway;5;G-PHEV;0
1971;Norway;5;Gasoline;0,979839843
1971;Norway;5;LPG;0
1971;Norway;5;D-HEV;0
1972;Norway;5;BEV;0
1972;Norway;5;CNG;0
1972;Norway;5;Diesel;0,020160157
1972;Norway;5;FCEV;0
1972;Norway;5;G-HEV;0
1972;Norway;5;G-PHEV;0
1972;Norway;5;Gasoline;0,979839843
1972;Norway;5;LPG;0
1972;Norway;5;D-HEV;0
1973;Norway;5;BEV;0
1973;Norway;5;CNG;0
1973;Norway;5;Diesel;0,020160157
1973;Norway;5;FCEV;0
1973;Norway;5;G-HEV;0
1973;Norway;5;G-PHEV;0
1973;Norway;5;Gasoline;0,979839843
1973;Norway;5;LPG;0
1973;Norway;5;D-HEV;0
1974;Norway;5;BEV;0
1974;Norway;5;CNG;0
1974;Norway;5;Diesel;0,020160157
1974;Norway;5;FCEV;0
1974;Norway;5;G-HEV;0
1974;Norway;5;G-PHEV;0
1974;Norway;5;Gasoline;0,979839843
1974;Norway;5;LPG;0
1974;Norway;5;D-HEV;0
1975;Norway;5;BEV;0
1975;Norway;5;CNG;0
1975;Norway;5;Diesel;0,020160157
1975;Norway;5;FCEV;0
1975;Norway;5;G-HEV;0
1975;Norway;5;G-PHEV;0
1975;Norway;5;Gasoline;0,979839843
1975;Norway;5;LPG;0
1975;Norway;5;D-HEV;0
1976;Norway;5;BEV;0
1976;Norway;5;CNG;0
1976;Norway;5;Diesel;0,020160157
1976;Norway;5;FCEV;0
1976;Norway;5;G-HEV;0
1976;Norway;5;G-PHEV;0
1976;Norway;5;Gasoline;0,979839843
1976;Norway;5;LPG;0
1976;Norway;5;D-HEV;0
1977;Norway;5;BEV;0
1977;Norway;5;CNG;0
1977;Norway;5;Diesel;0,020160157
1977;Norway;5;FCEV;0
1977;Norway;5;G-HEV;0
1977;Norway;5;G-PHEV;0
1977;Norway;5;Gasoline;0,979839843
1977;Norway;5;LPG;0
1977;Norway;5;D-HEV;0
1978;Norway;5;BEV;0
1978;Norway;5;CNG;0
1978;Norway;5;Diesel;0,020160157
1978;Norway;5;FCEV;0
1978;Norway;5;G-HEV;0
1978;Norway;5;G-PHEV;0
1978;Norway;5;Gasoline;0,979839843
1978;Norway;5;LPG;0
1978;Norway;5;D-HEV;0
1979;Norway;5;BEV;0
1979;Norway;5;CNG;0
1979;Norway;5;Diesel;0,020160157
1979;Norway;5;FCEV;0
1979;Norway;5;G-HEV;0
1979;Norway;5;G-PHEV;0
1979;Norway;5;Gasoline;0,979839843
1979;Norway;5;LPG;0
1979;Norway;5;D-HEV;0
1980;Norway;5;BEV;0
1980;Norway;5;CNG;0
1980;Norway;5;Diesel;0,020160157
1980;Norway;5;FCEV;0
1980;Norway;5;G-HEV;0
1980;Norway;5;G-PHEV;0
1980;Norway;5;Gasoline;0,979839843
1980;Norway;5;LPG;0
1980;Norway;5;D-HEV;0
1981;Norway;5;BEV;0
1981;Norway;5;CNG;0
1981;Norway;5;Diesel;0,020160157
1981;Norway;5;FCEV;0
1981;Norway;5;G-HEV;0
1981;Norway;5;G-PHEV;0
1981;Norway;5;Gasoline;0,979839843
1981;Norway;5;LPG;0
1981;Norway;5;D-HEV;0
1982;Norway;5;BEV;0
1982;Norway;5;CNG;0
1982;Norway;5;Diesel;0,020160157
1982;Norway;5;FCEV;0
1982;Norway;5;G-HEV;0
1982;Norway;5;G-PHEV;0
1982;Norway;5;Gasoline;0,979839843
1982;Norway;5;LPG;0
1982;Norway;5;D-HEV;0
1983;Norway;5;BEV;0
1983;Norway;5;CNG;0
1983;Norway;5;Diesel;0,020160157
1983;Norway;5;FCEV;0
1983;Norway;5;G-HEV;0
1983;Norway;5;G-PHEV;0
1983;Norway;5;Gasoline;0,979839843
1983;Norway;5;LPG;0
1983;Norway;5;D-HEV;0
1984;Norway;5;BEV;0
1984;Norway;5;CNG;0
1984;Norway;5;Diesel;0,020160157
1984;Norway;5;FCEV;0
1984;Norway;5;G-HEV;0
1984;Norway;5;G-PHEV;0
1984;Norway;5;Gasoline;0,979839843
1984;Norway;5;LPG;0
1984;Norway;5;D-HEV;0
1985;Norway;5;BEV;0
1985;Norway;5;CNG;0
1985;Norway;5;Diesel;0,020160157
1985;Norway;5;FCEV;0
1985;Norway;5;G-HEV;0
1985;Norway;5;G-PHEV;0
1985;Norway;5;Gasoline;0,979839843
1985;Norway;5;LPG;0
1985;Norway;5;D-HEV;0
1986;Norway;5;BEV;0
1986;Norway;5;CNG;0
1986;Norway;5;Diesel;0,020160157
1986;Norway;5;FCEV;0
1986;Norway;5;G-HEV;0
1986;Norway;5;G-PHEV;0
1986;Norway;5;Gasoline;0,979839843
1986;Norway;5;LPG;0
1986;Norway;5;D-HEV;0
1987;Norway;5;BEV;0
1987;Norway;5;CNG;0
1987;Norway;5;Diesel;0,020160157
1987;Norway;5;FCEV;0
1987;Norway;5;G-HEV;0
1987;Norway;5;G-PHEV;0
1987;Norway;5;Gasoline;0,979839843
1987;Norway;5;LPG;0
1987;Norway;5;D-HEV;0
1988;Norway;5;BEV;0
1988;Norway;5;CNG;0
1988;Norway;5;Diesel;0,020160157
1988;Norway;5;FCEV;0
1988;Norway;5;G-HEV;0
1988;Norway;5;G-PHEV;0
1988;Norway;5;Gasoline;0,979839843
1988;Norway;5;LPG;0
1988;Norway;5;D-HEV;0
1989;Norway;5;BEV;0
1989;Norway;5;CNG;0
1989;Norway;5;Diesel;0,020160157
1989;Norway;5;FCEV;0
1989;Norway;5;G-HEV;0
1989;Norway;5;G-PHEV;0
1989;Norway;5;Gasoline;0,979839843
1989;Norway;5;LPG;0
1989;Norway;5;D-HEV;0
1990;Norway;5;BEV;0
1990;Norway;5;CNG;0
1990;Norway;5;Diesel;0,038090002
1990;Norway;5;FCEV;0
1990;Norway;5;G-HEV;0
1990;Norway;5;G-PHEV;0
1990;Norway;5;Gasoline;0,961909998
1990;Norway;5;LPG;0
1990;Norway;5;D-HEV;0
1991;Norway;5;BEV;0
1991;Norway;5;CNG;0
1991;Norway;5;Diesel;0,063666878
1991;Norway;5;FCEV;0
1991;Norway;5;G-HEV;0
1991;Norway;5;G-PHEV;0
1991;Norway;5;Gasoline;0,936333122
1991;Norway;5;LPG;0
1991;Norway;5;D-HEV;0
1992;Norway;5;BEV;0
1992;Norway;5;CNG;0
1992;Norway;5;Diesel;0,095394897
1992;Norway;5;FCEV;0
1992;Norway;5;G-HEV;0
1992;Norway;5;G-PHEV;0
1992;Norway;5;Gasoline;0,904605103
1992;Norway;5;LPG;0
1992;Norway;5;D-HEV;0
1993;Norway;5;BEV;0
1993;Norway;5;CNG;0
1993;Norway;5;Diesel;0,142334797
1993;Norway;5;FCEV;0
1993;Norway;5;G-HEV;0
1993;Norway;5;G-PHEV;0
1993;Norway;5;Gasoline;0,857665203
1993;Norway;5;LPG;0
1993;Norway;5;D-HEV;0
1994;Norway;5;BEV;0
1994;Norway;5;CNG;0
1994;Norway;5;Diesel;0,10189989
1994;Norway;5;FCEV;0
1994;Norway;5;G-HEV;0
1994;Norway;5;G-PHEV;0
1994;Norway;5;Gasoline;0,89810011
1994;Norway;5;LPG;0
1994;Norway;5;D-HEV;0
1995;Norway;5;BEV;0
1995;Norway;5;CNG;0
1995;Norway;5;Diesel;0,061585615
1995;Norway;5;FCEV;0
1995;Norway;5;G-HEV;0
1995;Norway;5;G-PHEV;0
1995;Norway;5;Gasoline;0,938414385
1995;Norway;5;LPG;0
1995;Norway;5;D-HEV;0
1996;Norway;5;BEV;0
1996;Norway;5;CNG;0
1996;Norway;5;Diesel;0,081247659
1996;Norway;5;FCEV;0
1996;Norway;5;G-HEV;0
1996;Norway;5;G-PHEV;0
1996;Norway;5;Gasoline;0,918752341
1996;Norway;5;LPG;0
1996;Norway;5;D-HEV;0
1997;Norway;5;BEV;0
1997;Norway;5;CNG;0
1997;Norway;5;Diesel;0,080676866
1997;Norway;5;FCEV;0
1997;Norway;5;G-HEV;0
1997;Norway;5;G-PHEV;0
1997;Norway;5;Gasoline;0,919323134
1997;Norway;5;LPG;0
1997;Norway;5;D-HEV;0
1998;Norway;5;BEV;0
1998;Norway;5;CNG;0
1998;Norway;5;Diesel;0,084534694
1998;Norway;5;FCEV;0
1998;Norway;5;G-HEV;0
1998;Norway;5;G-PHEV;0
1998;Norway;5;Gasoline;0,915465306
1998;Norway;5;LPG;0
1998;Norway;5;D-HEV;0
1999;Norway;5;BEV;0
1999;Norway;5;CNG;0
1999;Norway;5;Diesel;0,09945657
1999;Norway;5;FCEV;0
1999;Norway;5;G-HEV;0
1999;Norway;5;G-PHEV;0
1999;Norway;5;Gasoline;0,90054343
1999;Norway;5;LPG;0
1999;Norway;5;D-HEV;0
2000;Norway;5;BEV;0
2000;Norway;5;CNG;0
2000;Norway;5;Diesel;0,117138402
2000;Norway;5;FCEV;0
2000;Norway;5;G-HEV;0
2000;Norway;5;G-PHEV;0
2000;Norway;5;Gasoline;0,882861598
2000;Norway;5;LPG;0
2000;Norway;5;D-HEV;0
2001;Norway;5;BEV;0
2001;Norway;5;CNG;0
2001;Norway;5;Diesel;0,166312431
2001;Norway;5;FCEV;0
2001;Norway;5;G-HEV;0,001
2001;Norway;5;G-PHEV;0
2001;Norway;5;Gasoline;0,832687569
2001;Norway;5;LPG;0
2001;Norway;5;D-HEV;0
2002;Norway;5;BEV;0
2002;Norway;5;CNG;0
2002;Norway;5;Diesel;0,21748646
2002;Norway;5;FCEV;0
2002;Norway;5;G-HEV;0
2002;Norway;5;G-PHEV;0
2002;Norway;5;Gasoline;0,78251354
2002;Norway;5;LPG;0
2002;Norway;5;D-HEV;0
2003;Norway;5;BEV;0
2003;Norway;5;CNG;0
2003;Norway;5;Diesel;0,267660489
2003;Norway;5;FCEV;0
2003;Norway;5;G-HEV;0
2003;Norway;5;G-PHEV;0
2003;Norway;5;Gasoline;0,732339511
2003;Norway;5;LPG;0
2003;Norway;5;D-HEV;0
2004;Norway;5;BEV;0
2004;Norway;5;CNG;0
2004;Norway;5;Diesel;0,316586198
2004;Norway;5;FCEV;0
2004;Norway;5;G-HEV;0,001997803
2004;Norway;5;G-PHEV;0
2004;Norway;5;Gasoline;0,681415999
2004;Norway;5;LPG;0
2004;Norway;5;D-HEV;0
2005;Norway;5;BEV;0
2005;Norway;5;CNG;0
2005;Norway;5;Diesel;0,413101587
2005;Norway;5;FCEV;0
2005;Norway;5;G-HEV;0,006
2005;Norway;5;G-PHEV;0
2005;Norway;5;Gasoline;0,580898413
2005;Norway;5;LPG;0
2005;Norway;5;D-HEV;0
2006;Norway;5;BEV;0
2006;Norway;5;CNG;0
2006;Norway;5;Diesel;0,515979363
2006;Norway;5;FCEV;0
2006;Norway;5;G-HEV;0,006962446
2006;Norway;5;G-PHEV;0
2006;Norway;5;Gasoline;0,477058191
2006;Norway;5;LPG;0
2006;Norway;5;D-HEV;0
2007;Norway;5;BEV;0
2007;Norway;5;CNG;0
2007;Norway;5;Diesel;0,749273679
2007;Norway;5;FCEV;0
2007;Norway;5;G-HEV;0,006957445
2007;Norway;5;G-PHEV;0
2007;Norway;5;Gasoline;0,243768875
2007;Norway;5;LPG;0
2007;Norway;5;D-HEV;0
2008;Norway;5;BEV;0
2008;Norway;5;CNG;0
2008;Norway;5;Diesel;0,710004129
2008;Norway;5;FCEV;0
2008;Norway;5;G-HEV;0,023485946
2008;Norway;5;G-PHEV;0
2008;Norway;5;Gasoline;0,266509925
2008;Norway;5;LPG;0
2008;Norway;5;D-HEV;0
2009;Norway;5;BEV;0,0011
2009;Norway;5;CNG;0
2009;Norway;5;Diesel;0,71157314
2009;Norway;5;FCEV;0
2009;Norway;5;G-HEV;0,040322625
2009;Norway;5;G-PHEV;0
2009;Norway;5;Gasoline;0,247004235
2009;Norway;5;LPG;0
2009;Norway;5;D-HEV;0
2010;Norway;5;BEV;0,003
2010;Norway;5;CNG;0
2010;Norway;5;Diesel;0,734975219
2010;Norway;5;FCEV;0
2010;Norway;5;G-HEV;0,031935872
2010;Norway;5;G-PHEV;0
2010;Norway;5;Gasoline;0,230088909
2010;Norway;5;LPG;0
2010;Norway;5;D-HEV;0
2011;Norway;5;BEV;0,0145
2011;Norway;5;CNG;0
2011;Norway;5;Diesel;0,741068425
2011;Norway;5;FCEV;0
2011;Norway;5;G-HEV;0,026233335
2011;Norway;5;G-PHEV;0
2011;Norway;5;Gasoline;0,21819824
2011;Norway;5;LPG;0
2011;Norway;5;D-HEV;0
2012;Norway;5;BEV;0,0308
2012;Norway;5;CNG;0
2012;Norway;5;Diesel;0,630074028
2012;Norway;5;FCEV;0
2012;Norway;5;G-HEV;0,042759562
2012;Norway;5;G-PHEV;0,0025
2012;Norway;5;Gasoline;0,29386641
2012;Norway;5;LPG;0
2012;Norway;5;D-HEV;0
2013;Norway;5;BEV;0,0525
2013;Norway;5;CNG;0
2013;Norway;5;Diesel;0,529523429
2013;Norway;5;FCEV;0
2013;Norway;5;G-HEV;0,067
2013;Norway;5;G-PHEV;0,0033
2013;Norway;5;Gasoline;0,347676571
2013;Norway;5;LPG;0
2013;Norway;5;D-HEV;0
2014;Norway;5;BEV;0,12
2014;Norway;5;CNG;0
2014;Norway;5;Diesel;0,490686962
2014;Norway;5;FCEV;0
2014;Norway;5;G-HEV;0,069
2014;Norway;5;G-PHEV;0,0113
2014;Norway;5;Gasoline;0,309013038
2014;Norway;5;LPG;0
2014;Norway;5;D-HEV;0
2015;Norway;5;BEV;0,1611
2015;Norway;5;CNG;0
2015;Norway;5;Diesel;0,410903989
2015;Norway;5;FCEV;0,0001
2015;Norway;5;G-HEV;0,071
2015;Norway;5;G-PHEV;0,0495
2015;Norway;5;Gasoline;0,307396011
2015;Norway;5;LPG;0
2015;Norway;5;D-HEV;0
2016;Norway;5;BEV;0,1489
2016;Norway;5;CNG;0
2016;Norway;5;Diesel;0,313863178
2016;Norway;5;FCEV;0,0001
2016;Norway;5;G-HEV;0,113
2016;Norway;5;G-PHEV;0,1287
2016;Norway;5;Gasoline;0,295436822
2016;Norway;5;LPG;0
2016;Norway;5;D-HEV;0
2017;Norway;5;BEV;0,1958
2017;Norway;5;CNG;0,00030009
2017;Norway;5;Diesel;0,223845607
2017;Norway;5;FCEV;0,0003
2017;Norway;5;G-HEV;0,127
2017;Norway;5;G-PHEV;0,1738
2017;Norway;5;Gasoline;0,278954303
2017;Norway;5;LPG;0
2017;Norway;5;D-HEV;0
2018;Norway;5;BEV;0,2903
2018;Norway;5;CNG;0,00040016
2018;Norway;5;Diesel;0,162043627
2018;Norway;5;FCEV;0,0003
2018;Norway;5;G-HEV;0,105
2018;Norway;5;G-PHEV;0,1671
2018;Norway;5;Gasoline;0,274856213
2018;Norway;5;LPG;0
2018;Norway;5;D-HEV;0
2019;Norway;5;BEV;0,423437281
2019;Norway;5;CNG;0,000112456
2019;Norway;5;Diesel;0,156348344
2019;Norway;5;FCEV;0,00019996
2019;Norway;5;G-HEV;0,135234816
2019;Norway;5;G-PHEV;0,135642467
2019;Norway;5;Gasoline;0,149024677
2019;Norway;5;LPG;0
2019;Norway;5;D-HEV;0
2020;Norway;5;BEV;0,543198789
2020;Norway;5;CNG;0,0000354
2020;Norway;5;Diesel;0,080308055
2020;Norway;5;FCEV;0,0001
2020;Norway;5;G-HEV;0,112606706
2020;Norway;5;G-PHEV;0,204494456
2020;Norway;5;Gasoline;0,059256635
2020;Norway;5;LPG;0
2020;Norway;5;D-HEV;0
2021;Norway;5;BEV;0,645373721
2021;Norway;5;CNG;0
2021;Norway;5;Diesel;0,035243994
2021;Norway;5;FCEV;0,00019996
2021;Norway;5;G-HEV;0,081396033
2021;Norway;5;G-PHEV;0,216651246
2021;Norway;5;Gasoline;0,021135046
2021;Norway;5;LPG;0
2021;Norway;5;D-HEV;0
2022;Norway;5;BEV;0,780662297
2022;Norway;5;CNG;0
2022;Norway;5;D-HEV;0
2022;Norway;5;Diesel;0
2022;Norway;5;FCEV;0
2022;Norway;5;G-HEV;0,084687915
2022;Norway;5;G-PHEV;0,087818335
2022;Norway;5;Gasoline;0,046831453
2022;Norway;5;LPG;0
2023;Norway;5;BEV;0,823092652
2023;Norway;5;CNG;0
2023;Norway;5;D-HEV;0
2023;Norway;5;Diesel;0
2023;Norway;5;FCEV;0
2023;Norway;5;G-HEV;0,077195142
2023;Norway;5;G-PHEV;0,063875933
2023;Norway;5;Gasoline;0,035836274
2023;Norway;5;LPG;0
2024;Norway;5;BEV;0,891547426
2024;Norway;5;CNG;0
2024;Norway;5;D-HEV;0
2024;Norway;5;Diesel;0
2024;Norway;5;FCEV;0
2024;Norway;5;G-HEV;0,031380204
2024;Norway;5;G-PHEV;0,052231276
2024;Norway;5;Gasoline;0,024841094
2024;Norway;5;LPG;0
2025;Norway;5;BEV;0,991768444
2025;Norway;5;CNG;0
2025;Norway;5;D-HEV;0
2025;Norway;5;Diesel;0
2025;Norway;5;FCEV;0
2025;Norway;5;G-HEV;0,001912534
2025;Norway;5;G-PHEV;0,006319022
2025;Norway;5;Gasoline;0
2025;Norway;5;LPG;0
2026;Norway;5;BEV;1
2026;Norway;5;CNG;0
2026;Norway;5;D-HEV;0
2026;Norway;5;Diesel;0
2026;Norway;5;FCEV;0
2026;Norway;5;G-HEV;0
2026;Norway;5;G-PHEV;0
2026;Norway;5;Gasoline;0
2026;Norway;5;LPG;0
2027;Norway;5;BEV;1
2027;Norway;5;CNG;0
2027;Norway;5;D-HEV;0
2027;Norway;5;Diesel;0
2027;Norway;5;FCEV;0
2027;Norway;5;G-HEV;0
2027;Norway;5;G-PHEV;0
2027;Norway;5;Gasoline;0
2027;Norway;5;LPG;0
2028;Norway;5;BEV;1
2028;Norway;5;CNG;0
2028;Norway;5;D-HEV;0
2028;Norway;5;Diesel;0
2028;Norway;5;FCEV;0
2028;Norway;5;G-HEV;0
2028;Norway;5;G-PHEV;0
2028;Norway;5;Gasoline;0
2028;Norway;5;LPG;0
2029;Norway;5;BEV;1
2029;Norway;5;CNG;0
2029;Norway;5;D-HEV;0
2029;Norway;5;Diesel;0
2029;Norway;5;FCEV;0
2029;Norway;5;G-HEV;0
2029;Norway;5;G-PHEV;0
2029;Norway;5;Gasoline;0
2029;Norway;5;LPG;0
2030;Norway;5;BEV;1
2030;Norway;5;CNG;0
2030;Norway;5;D-HEV;0
2030;Norway;5;Diesel;0
2030;Norway;5;FCEV;0
2030;Norway;5;G-HEV;0
2030;Norway;5;G-PHEV;0
2030;Norway;5;Gasoline;0
2030;Norway;5;LPG;0
2031;Norway;5;BEV;1
2031;Norway;5;CNG;0
2031;Norway;5;D-HEV;0
2031;Norway;5;Diesel;0
2031;Norway;5;FCEV;0
2031;Norway;5;G-HEV;0
2031;Norway;5;G-PHEV;0
2031;Norway;5;Gasoline;0
2031;Norway;5;LPG;0
2032;Norway;5;BEV;1
2032;Norway;5;CNG;0
2032;Norway;5;D-HEV;0
2032;Norway;5;Diesel;0
2032;Norway;5;FCEV;0
2032;Norway;5;G-HEV;0
2032;Norway;5;G-PHEV;0
2032;Norway;5;Gasoline;0
2032;Norway;5;LPG;0
2033;Norway;5;BEV;1
2033;Norway;5;CNG;0
2033;Norway;5;D-HEV;0
2033;Norway;5;Diesel;0
2033;Norway;5;FCEV;0
2033;Norway;5;G-HEV;0
2033;Norway;5;G-PHEV;0
2033;Norway;5;Gasoline;0
2033;Norway;5;LPG;0
2034;Norway;5;BEV;1
2034;Norway;5;CNG;0
2034;Norway;5;D-HEV;0
2034;Norway;5;Diesel;0
2034;Norway;5;FCEV;0
2034;Norway;5;G-HEV;0
2034;Norway;5;G-PHEV;0
2034;Norway;5;Gasoline;0
2034;Norway;5;LPG;0
2035;Norway;5;BEV;1
2035;Norway;5;CNG;0
2035;Norway;5;D-HEV;0
2035;Norway;5;Diesel;0
2035;Norway;5;FCEV;0
2035;Norway;5;G-HEV;0
2035;Norway;5;G-PHEV;0
2035;Norway;5;Gasoline;0
2035;Norway;5;LPG;0
2036;Norway;5;BEV;1
2036;Norway;5;CNG;0
2036;Norway;5;D-HEV;0
2036;Norway;5;Diesel;0
2036;Norway;5;FCEV;0
2036;Norway;5;G-HEV;0
2036;Norway;5;G-PHEV;0
2036;Norway;5;Gasoline;0
2036;Norway;5;LPG;0
2037;Norway;5;BEV;1
2037;Norway;5;CNG;0
2037;Norway;5;D-HEV;0
2037;Norway;5;Diesel;0
2037;Norway;5;FCEV;0
2037;Norway;5;G-HEV;0
2037;Norway;5;G-PHEV;0
2037;Norway;5;Gasoline;0
2037;Norway;5;LPG;0
2038;Norway;5;BEV;1
2038;Norway;5;CNG;0
2038;Norway;5;D-HEV;0
2038;Norway;5;Diesel;0
2038;Norway;5;FCEV;0
2038;Norway;5;G-HEV;0
2038;Norway;5;G-PHEV;0
2038;Norway;5;Gasoline;0
2038;Norway;5;LPG;0
2039;Norway;5;BEV;1
2039;Norway;5;CNG;0
2039;Norway;5;D-HEV;0
2039;Norway;5;Diesel;0
2039;Norway;5;FCEV;0
2039;Norway;5;G-HEV;0
2039;Norway;5;G-PHEV;0
2039;Norway;5;Gasoline;0
2039;Norway;5;LPG;0
2040;Norway;5;BEV;1
2040;Norway;5;CNG;0
2040;Norway;5;D-HEV;0
2040;Norway;5;Diesel;0
2040;Norway;5;FCEV;0
2040;Norway;5;G-HEV;0
2040;Norway;5;G-PHEV;0
2040;Norway;5;Gasoline;0
2040;Norway;5;LPG;0
2041;Norway;5;BEV;1
2041;Norway;5;CNG;0
2041;Norway;5;D-HEV;0
2041;Norway;5;Diesel;0
2041;Norway;5;FCEV;0
2041;Norway;5;G-HEV;0
2041;Norway;5;G-PHEV;0
2041;Norway;5;Gasoline;0
2041;Norway;5;LPG;0
2042;Norway;5;BEV;1
2042;Norway;5;CNG;0
2042;Norway;5;D-HEV;0
2042;Norway;5;Diesel;0
2042;Norway;5;FCEV;0
2042;Norway;5;G-HEV;0
2042;Norway;5;G-PHEV;0
2042;Norway;5;Gasoline;0
2042;Norway;5;LPG;0
2043;Norway;5;BEV;1
2043;Norway;5;CNG;0
2043;Norway;5;D-HEV;0
2043;Norway;5;Diesel;0
2043;Norway;5;FCEV;0
2043;Norway;5;G-HEV;0
2043;Norway;5;G-PHEV;0
2043;Norway;5;Gasoline;0
2043;Norway;5;LPG;0
2044;Norway;5;BEV;1
2044;Norway;5;CNG;0
2044;Norway;5;D-HEV;0
2044;Norway;5;Diesel;0
2044;Norway;5;FCEV;0
2044;Norway;5;G-HEV;0
2044;Norway;5;G-PHEV;0
2044;Norway;5;Gasoline;0
2044;Norway;5;LPG;0
2045;Norway;5;BEV;1
2045;Norway;5;CNG;0
2045;Norway;5;D-HEV;0
2045;Norway;5;Diesel;0
2045;Norway;5;FCEV;0
2045;Norway;5;G-HEV;0
2045;Norway;5;G-PHEV;0
2045;Norway;5;Gasoline;0
2045;Norway;5;LPG;0
2046;Norway;5;BEV;1
2046;Norway;5;CNG;0
2046;Norway;5;D-HEV;0
2046;Norway;5;Diesel;0
2046;Norway;5;FCEV;0
2046;Norway;5;G-HEV;0
2046;Norway;5;G-PHEV;0
2046;Norway;5;Gasoline;0
2046;Norway;5;LPG;0
2047;Norway;5;BEV;1
2047;Norway;5;CNG;0
2047;Norway;5;D-HEV;0
2047;Norway;5;Diesel;0
2047;Norway;5;FCEV;0
2047;Norway;5;G-HEV;0
2047;Norway;5;G-PHEV;0
2047;Norway;5;Gasoline;0
2047;Norway;5;LPG;0
2048;Norway;5;BEV;1
2048;Norway;5;CNG;0
2048;Norway;5;D-HEV;0
2048;Norway;5;Diesel;0
2048;Norway;5;FCEV;0
2048;Norway;5;G-HEV;0
2048;Norway;5;G-PHEV;0
2048;Norway;5;Gasoline;0
2048;Norway;5;LPG;0
2049;Norway;5;BEV;1
2049;Norway;5;CNG;0
2049;Norway;5;D-HEV;0
2049;Norway;5;Diesel;0
2049;Norway;5;FCEV;0
2049;Norway;5;G-HEV;0
2049;Norway;5;G-PHEV;0
2049;Norway;5;Gasoline;0
2049;Norway;5;LPG;0
2050;Norway;5;BEV;1
2050;Norway;5;CNG;0
2050;Norway;5;D-HEV;0
2050;Norway;5;Diesel;0
2050;Norway;5;FCEV;0
2050;Norway;5;G-HEV;0
2050;Norway;5;G-PHEV;0
2050;Norway;5;Gasoline;0
2050;Norway;5;LPG;0
1970;Poland;1;BEV;0
1970;Poland;1;CNG;0
1970;Poland;1;Diesel;0,121796308
1970;Poland;1;FCEV;0
1970;Poland;1;G-HEV;0
1970;Poland;1;G-PHEV;0
1970;Poland;1;Gasoline;0,878203692
1970;Poland;1;LPG;0
1970;Poland;1;D-HEV;0
1971;Poland;1;BEV;0
1971;Poland;1;CNG;0
1971;Poland;1;Diesel;0,121796308
1971;Poland;1;FCEV;0
1971;Poland;1;G-HEV;0
1971;Poland;1;G-PHEV;0
1971;Poland;1;Gasoline;0,878203692
1971;Poland;1;LPG;0
1971;Poland;1;D-HEV;0
1972;Poland;1;BEV;0
1972;Poland;1;CNG;0
1972;Poland;1;Diesel;0,121796308
1972;Poland;1;FCEV;0
1972;Poland;1;G-HEV;0
1972;Poland;1;G-PHEV;0
1972;Poland;1;Gasoline;0,878203692
1972;Poland;1;LPG;0
1972;Poland;1;D-HEV;0
1973;Poland;1;BEV;0
1973;Poland;1;CNG;0
1973;Poland;1;Diesel;0,121796308
1973;Poland;1;FCEV;0
1973;Poland;1;G-HEV;0
1973;Poland;1;G-PHEV;0
1973;Poland;1;Gasoline;0,878203692
1973;Poland;1;LPG;0
1973;Poland;1;D-HEV;0
1974;Poland;1;BEV;0
1974;Poland;1;CNG;0
1974;Poland;1;Diesel;0,121796308
1974;Poland;1;FCEV;0
1974;Poland;1;G-HEV;0
1974;Poland;1;G-PHEV;0
1974;Poland;1;Gasoline;0,878203692
1974;Poland;1;LPG;0
1974;Poland;1;D-HEV;0
1975;Poland;1;BEV;0
1975;Poland;1;CNG;0
1975;Poland;1;Diesel;0,121796308
1975;Poland;1;FCEV;0
1975;Poland;1;G-HEV;0
1975;Poland;1;G-PHEV;0
1975;Poland;1;Gasoline;0,878203692
1975;Poland;1;LPG;0
1975;Poland;1;D-HEV;0
1976;Poland;1;BEV;0
1976;Poland;1;CNG;0
1976;Poland;1;Diesel;0,121796308
1976;Poland;1;FCEV;0
1976;Poland;1;G-HEV;0
1976;Poland;1;G-PHEV;0
1976;Poland;1;Gasoline;0,878203692
1976;Poland;1;LPG;0
1976;Poland;1;D-HEV;0
1977;Poland;1;BEV;0
1977;Poland;1;CNG;0
1977;Poland;1;Diesel;0,121796308
1977;Poland;1;FCEV;0
1977;Poland;1;G-HEV;0
1977;Poland;1;G-PHEV;0
1977;Poland;1;Gasoline;0,878203692
1977;Poland;1;LPG;0
1977;Poland;1;D-HEV;0
1978;Poland;1;BEV;0
1978;Poland;1;CNG;0
1978;Poland;1;Diesel;0,121796308
1978;Poland;1;FCEV;0
1978;Poland;1;G-HEV;0
1978;Poland;1;G-PHEV;0
1978;Poland;1;Gasoline;0,878203692
1978;Poland;1;LPG;0
1978;Poland;1;D-HEV;0
1979;Poland;1;BEV;0
1979;Poland;1;CNG;0
1979;Poland;1;Diesel;0,121796308
1979;Poland;1;FCEV;0
1979;Poland;1;G-HEV;0
1979;Poland;1;G-PHEV;0
1979;Poland;1;Gasoline;0,878203692
1979;Poland;1;LPG;0
1979;Poland;1;D-HEV;0
1980;Poland;1;BEV;0
1980;Poland;1;CNG;0
1980;Poland;1;Diesel;0,121796308
1980;Poland;1;FCEV;0
1980;Poland;1;G-HEV;0
1980;Poland;1;G-PHEV;0
1980;Poland;1;Gasoline;0,878203692
1980;Poland;1;LPG;0
1980;Poland;1;D-HEV;0
1981;Poland;1;BEV;0
1981;Poland;1;CNG;0
1981;Poland;1;Diesel;0,121796308
1981;Poland;1;FCEV;0
1981;Poland;1;G-HEV;0
1981;Poland;1;G-PHEV;0
1981;Poland;1;Gasoline;0,878203692
1981;Poland;1;LPG;0
1981;Poland;1;D-HEV;0
1982;Poland;1;BEV;0
1982;Poland;1;CNG;0
1982;Poland;1;Diesel;0,121796308
1982;Poland;1;FCEV;0
1982;Poland;1;G-HEV;0
1982;Poland;1;G-PHEV;0
1982;Poland;1;Gasoline;0,878203692
1982;Poland;1;LPG;0
1982;Poland;1;D-HEV;0
1983;Poland;1;BEV;0
1983;Poland;1;CNG;0
1983;Poland;1;Diesel;0,121796308
1983;Poland;1;FCEV;0
1983;Poland;1;G-HEV;0
1983;Poland;1;G-PHEV;0
1983;Poland;1;Gasoline;0,878203692
1983;Poland;1;LPG;0
1983;Poland;1;D-HEV;0
1984;Poland;1;BEV;0
1984;Poland;1;CNG;0
1984;Poland;1;Diesel;0,121796308
1984;Poland;1;FCEV;0
1984;Poland;1;G-HEV;0
1984;Poland;1;G-PHEV;0
1984;Poland;1;Gasoline;0,878203692
1984;Poland;1;LPG;0
1984;Poland;1;D-HEV;0
1985;Poland;1;BEV;0
1985;Poland;1;CNG;0
1985;Poland;1;Diesel;0,121796308
1985;Poland;1;FCEV;0
1985;Poland;1;G-HEV;0
1985;Poland;1;G-PHEV;0
1985;Poland;1;Gasoline;0,878203692
1985;Poland;1;LPG;0
1985;Poland;1;D-HEV;0
1986;Poland;1;BEV;0
1986;Poland;1;CNG;0
1986;Poland;1;Diesel;0,121796308
1986;Poland;1;FCEV;0
1986;Poland;1;G-HEV;0
1986;Poland;1;G-PHEV;0
1986;Poland;1;Gasoline;0,878203692
1986;Poland;1;LPG;0
1986;Poland;1;D-HEV;0
1987;Poland;1;BEV;0
1987;Poland;1;CNG;0
1987;Poland;1;Diesel;0,121796308
1987;Poland;1;FCEV;0
1987;Poland;1;G-HEV;0
1987;Poland;1;G-PHEV;0
1987;Poland;1;Gasoline;0,878203692
1987;Poland;1;LPG;0
1987;Poland;1;D-HEV;0
1988;Poland;1;BEV;0
1988;Poland;1;CNG;0
1988;Poland;1;Diesel;0,121796308
1988;Poland;1;FCEV;0
1988;Poland;1;G-HEV;0
1988;Poland;1;G-PHEV;0
1988;Poland;1;Gasoline;0,878203692
1988;Poland;1;LPG;0
1988;Poland;1;D-HEV;0
1989;Poland;1;BEV;0
1989;Poland;1;CNG;0
1989;Poland;1;Diesel;0,121796308
1989;Poland;1;FCEV;0
1989;Poland;1;G-HEV;0
1989;Poland;1;G-PHEV;0
1989;Poland;1;Gasoline;0,878203692
1989;Poland;1;LPG;0
1989;Poland;1;D-HEV;0
1990;Poland;1;BEV;0
1990;Poland;1;CNG;0
1990;Poland;1;Diesel;0,121796308
1990;Poland;1;FCEV;0
1990;Poland;1;G-HEV;0
1990;Poland;1;G-PHEV;0
1990;Poland;1;Gasoline;0,878203692
1990;Poland;1;LPG;0
1990;Poland;1;D-HEV;0
1991;Poland;1;BEV;0
1991;Poland;1;CNG;0
1991;Poland;1;Diesel;0,121796308
1991;Poland;1;FCEV;0
1991;Poland;1;G-HEV;0
1991;Poland;1;G-PHEV;0
1991;Poland;1;Gasoline;0,878203692
1991;Poland;1;LPG;0
1991;Poland;1;D-HEV;0
1992;Poland;1;BEV;0
1992;Poland;1;CNG;0
1992;Poland;1;Diesel;0,121796308
1992;Poland;1;FCEV;0
1992;Poland;1;G-HEV;0
1992;Poland;1;G-PHEV;0
1992;Poland;1;Gasoline;0,878203692
1992;Poland;1;LPG;0
1992;Poland;1;D-HEV;0
1993;Poland;1;BEV;0
1993;Poland;1;CNG;0
1993;Poland;1;Diesel;0,121796308
1993;Poland;1;FCEV;0
1993;Poland;1;G-HEV;0
1993;Poland;1;G-PHEV;0
1993;Poland;1;Gasoline;0,878203692
1993;Poland;1;LPG;0
1993;Poland;1;D-HEV;0
1994;Poland;1;BEV;0
1994;Poland;1;CNG;0
1994;Poland;1;Diesel;0,121796308
1994;Poland;1;FCEV;0
1994;Poland;1;G-HEV;0
1994;Poland;1;G-PHEV;0
1994;Poland;1;Gasoline;0,878203692
1994;Poland;1;LPG;0
1994;Poland;1;D-HEV;0
1995;Poland;1;BEV;0
1995;Poland;1;CNG;0
1995;Poland;1;Diesel;0,121796308
1995;Poland;1;FCEV;0
1995;Poland;1;G-HEV;0
1995;Poland;1;G-PHEV;0
1995;Poland;1;Gasoline;0,878203692
1995;Poland;1;LPG;0
1995;Poland;1;D-HEV;0
1996;Poland;1;BEV;0
1996;Poland;1;CNG;0
1996;Poland;1;Diesel;0,122129787
1996;Poland;1;FCEV;0
1996;Poland;1;G-HEV;0
1996;Poland;1;G-PHEV;0
1996;Poland;1;Gasoline;0,877870213
1996;Poland;1;LPG;0
1996;Poland;1;D-HEV;0
1997;Poland;1;BEV;0
1997;Poland;1;CNG;0
1997;Poland;1;Diesel;0,09973347
1997;Poland;1;FCEV;0
1997;Poland;1;G-HEV;0
1997;Poland;1;G-PHEV;0
1997;Poland;1;Gasoline;0,90026653
1997;Poland;1;LPG;0
1997;Poland;1;D-HEV;0
1998;Poland;1;BEV;0
1998;Poland;1;CNG;0
1998;Poland;1;Diesel;0,061679901
1998;Poland;1;FCEV;0
1998;Poland;1;G-HEV;0
1998;Poland;1;G-PHEV;0
1998;Poland;1;Gasoline;0,938320099
1998;Poland;1;LPG;0
1998;Poland;1;D-HEV;0
1999;Poland;1;BEV;0
1999;Poland;1;CNG;0
1999;Poland;1;Diesel;0,074159366
1999;Poland;1;FCEV;0
1999;Poland;1;G-HEV;0
1999;Poland;1;G-PHEV;0
1999;Poland;1;Gasoline;0,925840634
1999;Poland;1;LPG;0
1999;Poland;1;D-HEV;0
2000;Poland;1;BEV;0
2000;Poland;1;CNG;0
2000;Poland;1;Diesel;0,1139357
2000;Poland;1;FCEV;0
2000;Poland;1;G-HEV;0
2000;Poland;1;G-PHEV;0
2000;Poland;1;Gasoline;0,8860643
2000;Poland;1;LPG;0
2000;Poland;1;D-HEV;0
2001;Poland;1;BEV;0
2001;Poland;1;CNG;0
2001;Poland;1;Diesel;0,15579822
2001;Poland;1;FCEV;0
2001;Poland;1;G-HEV;0
2001;Poland;1;G-PHEV;0
2001;Poland;1;Gasoline;0,84420178
2001;Poland;1;LPG;0
2001;Poland;1;D-HEV;0
2002;Poland;1;BEV;0
2002;Poland;1;CNG;0
2002;Poland;1;Diesel;0,148681057
2002;Poland;1;FCEV;0
2002;Poland;1;G-HEV;0
2002;Poland;1;G-PHEV;0
2002;Poland;1;Gasoline;0,851318943
2002;Poland;1;LPG;0
2002;Poland;1;D-HEV;0
2003;Poland;1;BEV;0
2003;Poland;1;CNG;0
2003;Poland;1;Diesel;0,141563894
2003;Poland;1;FCEV;0
2003;Poland;1;G-HEV;0
2003;Poland;1;G-PHEV;0
2003;Poland;1;Gasoline;0,843351973
2003;Poland;1;LPG;0,015084133
2003;Poland;1;D-HEV;0
2004;Poland;1;BEV;0
2004;Poland;1;CNG;0
2004;Poland;1;Diesel;0,177150396
2004;Poland;1;FCEV;0
2004;Poland;1;G-HEV;0
2004;Poland;1;G-PHEV;0
2004;Poland;1;Gasoline;0,734778595
2004;Poland;1;LPG;0,088071009
2004;Poland;1;D-HEV;0
2005;Poland;1;BEV;0
2005;Poland;1;CNG;0
2005;Poland;1;Diesel;0,273005734
2005;Poland;1;FCEV;0
2005;Poland;1;G-HEV;0,000426098
2005;Poland;1;G-PHEV;0
2005;Poland;1;Gasoline;0,604078938
2005;Poland;1;LPG;0,12248923
2005;Poland;1;D-HEV;0
2006;Poland;1;BEV;0
2006;Poland;1;CNG;0
2006;Poland;1;Diesel;0,346754595
2006;Poland;1;FCEV;0
2006;Poland;1;G-HEV;0,000629864
2006;Poland;1;G-PHEV;0
2006;Poland;1;Gasoline;0,590799075
2006;Poland;1;LPG;0,061816466
2006;Poland;1;D-HEV;0
2007;Poland;1;BEV;0
2007;Poland;1;CNG;0
2007;Poland;1;Diesel;0,428094134
2007;Poland;1;FCEV;0
2007;Poland;1;G-HEV;0,000769846
2007;Poland;1;G-PHEV;0
2007;Poland;1;Gasoline;0,513781614
2007;Poland;1;LPG;0,057354406
2007;Poland;1;D-HEV;0
2008;Poland;1;BEV;0
2008;Poland;1;CNG;0
2008;Poland;1;Diesel;0,506787659
2008;Poland;1;FCEV;0
2008;Poland;1;G-HEV;0,001058304
2008;Poland;1;G-PHEV;0
2008;Poland;1;Gasoline;0,450670646
2008;Poland;1;LPG;0,041483391
2008;Poland;1;D-HEV;0
2009;Poland;1;BEV;0
2009;Poland;1;CNG;0
2009;Poland;1;Diesel;0,545196952
2009;Poland;1;FCEV;0
2009;Poland;1;G-HEV;0,001586633
2009;Poland;1;G-PHEV;0
2009;Poland;1;Gasoline;0,412711726
2009;Poland;1;LPG;0,040504689
2009;Poland;1;D-HEV;0
2010;Poland;1;BEV;0
2010;Poland;1;CNG;0
2010;Poland;1;Diesel;0,549511051
2010;Poland;1;FCEV;0
2010;Poland;1;G-HEV;0,002285148
2010;Poland;1;G-PHEV;0
2010;Poland;1;Gasoline;0,40427746
2010;Poland;1;LPG;0,04392634
2010;Poland;1;D-HEV;0
2011;Poland;1;BEV;0,000100229
2011;Poland;1;CNG;0
2011;Poland;1;Diesel;0,525511682
2011;Poland;1;FCEV;0
2011;Poland;1;G-HEV;0,003836754
2011;Poland;1;G-PHEV;0
2011;Poland;1;Gasoline;0,419225317
2011;Poland;1;LPG;0,051326017
2011;Poland;1;D-HEV;0
2012;Poland;1;BEV;0,000100182
2012;Poland;1;CNG;0
2012;Poland;1;Diesel;0,496010589
2012;Poland;1;FCEV;0
2012;Poland;1;G-HEV;0,006329636
2012;Poland;1;G-PHEV;0
2012;Poland;1;Gasoline;0,432786119
2012;Poland;1;LPG;0,064773475
2012;Poland;1;D-HEV;0
2013;Poland;1;BEV;0,000099
2013;Poland;1;CNG;0,000269283
2013;Poland;1;Diesel;0,473873998
2013;Poland;1;FCEV;0
2013;Poland;1;G-HEV;0,008899716
2013;Poland;1;G-PHEV;0
2013;Poland;1;Gasoline;0,44713906
2013;Poland;1;LPG;0,069718944
2013;Poland;1;D-HEV;0
2014;Poland;1;BEV;0,000297718
2014;Poland;1;CNG;0,000288279
2014;Poland;1;Diesel;0,449568441
2014;Poland;1;FCEV;0
2014;Poland;1;G-HEV;0,011857234
2014;Poland;1;G-PHEV;0,0000992
2014;Poland;1;Gasoline;0,469114656
2014;Poland;1;LPG;0,068774473
2014;Poland;1;D-HEV;0
2015;Poland;1;BEV;0,000300128
2015;Poland;1;CNG;0,000275861
2015;Poland;1;Diesel;0,419907011
2015;Poland;1;FCEV;0
2015;Poland;1;G-HEV;0,015849457
2015;Poland;1;G-PHEV;0,000400171
2015;Poland;1;Gasoline;0,485470312
2015;Poland;1;LPG;0,077797061
2015;Poland;1;D-HEV;0
2016;Poland;1;BEV;0,000400297
2016;Poland;1;CNG;0,000256378
2016;Poland;1;Diesel;0,389744871
2016;Poland;1;FCEV;0
2016;Poland;1;G-HEV;0,024041164
2016;Poland;1;G-PHEV;0,000300223
2016;Poland;1;Gasoline;0,508479499
2016;Poland;1;LPG;0,076777568
2016;Poland;1;D-HEV;0
2017;Poland;1;BEV;0,001000668
2017;Poland;1;CNG;0,000234144
2017;Poland;1;Diesel;0,374114949
2017;Poland;1;FCEV;0
2017;Poland;1;G-HEV;0,035287627
2017;Poland;1;G-PHEV;0,000800534
2017;Poland;1;Gasoline;0,510482325
2017;Poland;1;LPG;0,078079754
2017;Poland;1;D-HEV;0
2018;Poland;1;BEV;0,001300302
2018;Poland;1;CNG;0,00021883
2018;Poland;1;Diesel;0,375297483
2018;Poland;1;FCEV;0
2018;Poland;1;G-HEV;0,044984802
2018;Poland;1;G-PHEV;0,001100255
2018;Poland;1;Gasoline;0,501090099
2018;Poland;1;LPG;0,076008227
2018;Poland;1;D-HEV;0
2019;Poland;1;BEV;0,002602289
2019;Poland;1;CNG;0,000498973
2019;Poland;1;Diesel;0,34304182
2019;Poland;1;FCEV;0
2019;Poland;1;G-HEV;0,075599973
2019;Poland;1;G-PHEV;0,002101849
2019;Poland;1;Gasoline;0,561720531
2019;Poland;1;LPG;0,014434566
2019;Poland;1;D-HEV;0
2020;Poland;1;BEV;0,00835829
2020;Poland;1;CNG;0,000404723
2020;Poland;1;Diesel;0,350497044
2020;Poland;1;FCEV;0
2020;Poland;1;G-HEV;0,154601694
2020;Poland;1;G-PHEV;0,009913321
2020;Poland;1;Gasoline;0,454948037
2020;Poland;1;LPG;0,021276891
2020;Poland;1;D-HEV;0
2021;Poland;1;BEV;0,016001951
2021;Poland;1;CNG;1,11E-05
2021;Poland;1;Diesel;0,322861547
2021;Poland;1;FCEV;0,000200024
2021;Poland;1;G-HEV;0,291971751
2021;Poland;1;G-PHEV;0,020402487
2021;Poland;1;Gasoline;0,318606448
2021;Poland;1;LPG;0,029944702
2021;Poland;1;D-HEV;0
2022;Poland;1;BEV;0,006421119
2022;Poland;1;CNG;0
2022;Poland;1;D-HEV;0
2022;Poland;1;Diesel;0,141171714
2022;Poland;1;FCEV;0
2022;Poland;1;G-HEV;0,010205889
2022;Poland;1;G-PHEV;0,084518862
2022;Poland;1;Gasoline;0,757682415
2022;Poland;1;LPG;0
2023;Poland;1;BEV;0,010632854
2023;Poland;1;CNG;0
2023;Poland;1;D-HEV;0
2023;Poland;1;Diesel;0,120177894
2023;Poland;1;FCEV;0
2023;Poland;1;G-HEV;0,048463559
2023;Poland;1;G-PHEV;0,084140595
2023;Poland;1;Gasoline;0,736585098
2023;Poland;1;LPG;0
2024;Poland;1;BEV;0,063497878
2024;Poland;1;CNG;0
2024;Poland;1;D-HEV;0
2024;Poland;1;Diesel;0,099194449
2024;Poland;1;FCEV;0
2024;Poland;1;G-HEV;0,065421211
2024;Poland;1;G-PHEV;0,075058184
2024;Poland;1;Gasoline;0,696828278
2024;Poland;1;LPG;0
2025;Poland;1;BEV;0,174373034
2025;Poland;1;CNG;0
2025;Poland;1;D-HEV;0
2025;Poland;1;Diesel;0,078221369
2025;Poland;1;FCEV;0
2025;Poland;1;G-HEV;0,038006711
2025;Poland;1;G-PHEV;0,074283643
2025;Poland;1;Gasoline;0,635115243
2025;Poland;1;LPG;0
2026;Poland;1;BEV;0,14885788
2026;Poland;1;CNG;0
2026;Poland;1;D-HEV;0
2026;Poland;1;Diesel;0,057258643
2026;Poland;1;FCEV;0
2026;Poland;1;G-HEV;0,089555567
2026;Poland;1;G-PHEV;0,114732433
2026;Poland;1;Gasoline;0,589595476
2026;Poland;1;LPG;0
2027;Poland;1;BEV;0,159738189
2027;Poland;1;CNG;0
2027;Poland;1;D-HEV;0
2027;Poland;1;Diesel;0,036306262
2027;Poland;1;FCEV;0
2027;Poland;1;G-HEV;0,025901435
2027;Poland;1;G-PHEV;0,122022988
2027;Poland;1;Gasoline;0,656031126
2027;Poland;1;LPG;0
2028;Poland;1;BEV;0,206444281
2028;Poland;1;CNG;0
2028;Poland;1;D-HEV;0
2028;Poland;1;Diesel;0,015364214
2028;Poland;1;FCEV;0,000510032
2028;Poland;1;G-HEV;0,005344169
2028;Poland;1;G-PHEV;0,124816628
2028;Poland;1;Gasoline;0,647520676
2028;Poland;1;LPG;0
2029;Poland;1;BEV;0,267462615
2029;Poland;1;CNG;0
2029;Poland;1;D-HEV;0
2029;Poland;1;Diesel;0
2029;Poland;1;FCEV;0,000510032
2029;Poland;1;G-HEV;0,000754182
2029;Poland;1;G-PHEV;0,135721786
2029;Poland;1;Gasoline;0,595551385
2029;Poland;1;LPG;0
2030;Poland;1;BEV;0,35310505
2030;Poland;1;CNG;0
2030;Poland;1;D-HEV;0
2030;Poland;1;Diesel;0
2030;Poland;1;FCEV;0,000510032
2030;Poland;1;G-HEV;0
2030;Poland;1;G-PHEV;0,098519469
2030;Poland;1;Gasoline;0,547865449
2030;Poland;1;LPG;0
2031;Poland;1;BEV;0,418643836
2031;Poland;1;CNG;0
2031;Poland;1;D-HEV;0
2031;Poland;1;Diesel;0
2031;Poland;1;FCEV;0,000860545
2031;Poland;1;G-HEV;0
2031;Poland;1;G-PHEV;0,100847726
2031;Poland;1;Gasoline;0,479647893
2031;Poland;1;LPG;0
2032;Poland;1;BEV;0,518384125
2032;Poland;1;CNG;0
2032;Poland;1;D-HEV;0
2032;Poland;1;Diesel;0
2032;Poland;1;FCEV;0,000860545
2032;Poland;1;G-HEV;0
2032;Poland;1;G-PHEV;0,094510803
2032;Poland;1;Gasoline;0,386244527
2032;Poland;1;LPG;0
2033;Poland;1;BEV;0,648363871
2033;Poland;1;CNG;0
2033;Poland;1;D-HEV;0
2033;Poland;1;Diesel;0
2033;Poland;1;FCEV;0,000860545
2033;Poland;1;G-HEV;0
2033;Poland;1;G-PHEV;0,076898965
2033;Poland;1;Gasoline;0,273876619
2033;Poland;1;LPG;0
2034;Poland;1;BEV;0,749624592
2034;Poland;1;CNG;0
2034;Poland;1;D-HEV;0
2034;Poland;1;Diesel;0
2034;Poland;1;FCEV;0,001107694
2034;Poland;1;G-HEV;0
2034;Poland;1;G-PHEV;0,073265915
2034;Poland;1;Gasoline;0,1760018
2034;Poland;1;LPG;0
2035;Poland;1;BEV;0,998892306
2035;Poland;1;CNG;0
2035;Poland;1;D-HEV;0
2035;Poland;1;Diesel;0
2035;Poland;1;FCEV;0,001107694
2035;Poland;1;G-HEV;0
2035;Poland;1;G-PHEV;0
2035;Poland;1;Gasoline;0
2035;Poland;1;LPG;0
2036;Poland;1;BEV;0,998892306
2036;Poland;1;CNG;0
2036;Poland;1;D-HEV;0
2036;Poland;1;Diesel;0
2036;Poland;1;FCEV;0,001107694
2036;Poland;1;G-HEV;0
2036;Poland;1;G-PHEV;0
2036;Poland;1;Gasoline;0
2036;Poland;1;LPG;0
2037;Poland;1;BEV;0,998892306
2037;Poland;1;CNG;0
2037;Poland;1;D-HEV;0
2037;Poland;1;Diesel;0
2037;Poland;1;FCEV;0,001107694
2037;Poland;1;G-HEV;0
2037;Poland;1;G-PHEV;0
2037;Poland;1;Gasoline;0
2037;Poland;1;LPG;0
2038;Poland;1;BEV;0,998892306
2038;Poland;1;CNG;0
2038;Poland;1;D-HEV;0
2038;Poland;1;Diesel;0
2038;Poland;1;FCEV;0,001107694
2038;Poland;1;G-HEV;0
2038;Poland;1;G-PHEV;0
2038;Poland;1;Gasoline;0
2038;Poland;1;LPG;0
2039;Poland;1;BEV;0,997213612
2039;Poland;1;CNG;0
2039;Poland;1;D-HEV;0
2039;Poland;1;Diesel;0
2039;Poland;1;FCEV;0,002786388
2039;Poland;1;G-HEV;0
2039;Poland;1;G-PHEV;0
2039;Poland;1;Gasoline;0
2039;Poland;1;LPG;0
2040;Poland;1;BEV;0,995722637
2040;Poland;1;CNG;0
2040;Poland;1;D-HEV;0
2040;Poland;1;Diesel;0
2040;Poland;1;FCEV;0,004277363
2040;Poland;1;G-HEV;0
2040;Poland;1;G-PHEV;0
2040;Poland;1;Gasoline;0
2040;Poland;1;LPG;0
2041;Poland;1;BEV;0,994762541
2041;Poland;1;CNG;0
2041;Poland;1;D-HEV;0
2041;Poland;1;Diesel;0
2041;Poland;1;FCEV;0,005237459
2041;Poland;1;G-HEV;0
2041;Poland;1;G-PHEV;0
2041;Poland;1;Gasoline;0
2041;Poland;1;LPG;0
2042;Poland;1;BEV;0,994762541
2042;Poland;1;CNG;0
2042;Poland;1;D-HEV;0
2042;Poland;1;Diesel;0
2042;Poland;1;FCEV;0,005237459
2042;Poland;1;G-HEV;0
2042;Poland;1;G-PHEV;0
2042;Poland;1;Gasoline;0
2042;Poland;1;LPG;0
2043;Poland;1;BEV;0,994356974
2043;Poland;1;CNG;0
2043;Poland;1;D-HEV;0
2043;Poland;1;Diesel;0
2043;Poland;1;FCEV;0,005643026
2043;Poland;1;G-HEV;0
2043;Poland;1;G-PHEV;0
2043;Poland;1;Gasoline;0
2043;Poland;1;LPG;0
2044;Poland;1;BEV;0,994356974
2044;Poland;1;CNG;0
2044;Poland;1;D-HEV;0
2044;Poland;1;Diesel;0
2044;Poland;1;FCEV;0,005643026
2044;Poland;1;G-HEV;0
2044;Poland;1;G-PHEV;0
2044;Poland;1;Gasoline;0
2044;Poland;1;LPG;0
2045;Poland;1;BEV;0,994003185
2045;Poland;1;CNG;0
2045;Poland;1;D-HEV;0
2045;Poland;1;Diesel;0
2045;Poland;1;FCEV;0,005996815
2045;Poland;1;G-HEV;0
2045;Poland;1;G-PHEV;0
2045;Poland;1;Gasoline;0
2045;Poland;1;LPG;0
2046;Poland;1;BEV;0,993677414
2046;Poland;1;CNG;0
2046;Poland;1;D-HEV;0
2046;Poland;1;Diesel;0
2046;Poland;1;FCEV;0,006322586
2046;Poland;1;G-HEV;0
2046;Poland;1;G-PHEV;0
2046;Poland;1;Gasoline;0
2046;Poland;1;LPG;0
2047;Poland;1;BEV;0,993677414
2047;Poland;1;CNG;0
2047;Poland;1;D-HEV;0
2047;Poland;1;Diesel;0
2047;Poland;1;FCEV;0,006322586
2047;Poland;1;G-HEV;0
2047;Poland;1;G-PHEV;0
2047;Poland;1;Gasoline;0
2047;Poland;1;LPG;0
2048;Poland;1;BEV;0,993677414
2048;Poland;1;CNG;0
2048;Poland;1;D-HEV;0
2048;Poland;1;Diesel;0
2048;Poland;1;FCEV;0,006322586
2048;Poland;1;G-HEV;0
2048;Poland;1;G-PHEV;0
2048;Poland;1;Gasoline;0
2048;Poland;1;LPG;0
2049;Poland;1;BEV;0,993677414
2049;Poland;1;CNG;0
2049;Poland;1;D-HEV;0
2049;Poland;1;Diesel;0
2049;Poland;1;FCEV;0,006322586
2049;Poland;1;G-HEV;0
2049;Poland;1;G-PHEV;0
2049;Poland;1;Gasoline;0
2049;Poland;1;LPG;0
2050;Poland;1;BEV;0,993677414
2050;Poland;1;CNG;0
2050;Poland;1;D-HEV;0
2050;Poland;1;Diesel;0
2050;Poland;1;FCEV;0,006322586
2050;Poland;1;G-HEV;0
2050;Poland;1;G-PHEV;0
2050;Poland;1;Gasoline;0
2050;Poland;1;LPG;0
1970;Finland;4;Total;1
1971;Finland;4;Total;1
1972;Finland;4;Total;1
1973;Finland;4;Total;1
1974;Finland;4;Total;1
1975;Finland;4;Total;1
1976;Finland;4;Total;1
1977;Finland;4;Total;1
1978;Finland;4;Total;1
1979;Finland;4;Total;1
1980;Finland;4;Total;1
1981;Finland;4;Total;1
1982;Finland;4;Total;1
1983;Finland;4;Total;1
1984;Finland;4;Total;1
1985;Finland;4;Total;1
1986;Finland;4;Total;1
1987;Finland;4;Total;1
1988;Finland;4;Total;1
1989;Finland;4;Total;1
1990;Finland;4;Total;1
1991;Finland;4;Total;1
1992;Finland;4;Total;1
1993;Finland;4;Total;1
1994;Finland;4;Total;1
1995;Finland;4;Total;1
1996;Finland;4;Total;1
1997;Finland;4;Total;1
1998;Finland;4;Total;1
1999;Finland;4;Total;1
2000;Finland;4;Total;1
2001;Finland;4;Total;1
2002;Finland;4;Total;1
2003;Finland;4;Total;1
2004;Finland;4;Total;1
2005;Finland;4;Total;1
2006;Finland;4;Total;1
2007;Finland;4;Total;1
2008;Finland;4;Total;1
2009;Finland;4;Total;1
2010;Finland;4;Total;1
2011;Finland;4;Total;1
2012;Finland;4;Total;1
2013;Finland;4;Total;1
2014;Finland;4;Total;1
2015;Finland;4;Total;1
2016;Finland;4;Total;1
2017;Finland;4;Total;1
2018;Finland;4;Total;1
2019;Finland;4;Total;1
2020;Finland;4;Total;1
2021;Finland;4;Total;1
2022;Finland;4;Total;1
2023;Finland;4;Total;1
2024;Finland;4;Total;1
2025;Finland;4;Total;1
2026;Finland;4;Total;1
2027;Finland;4;Total;1
2028;Finland;4;Total;1
2029;Finland;4;Total;1
2030;Finland;4;Total;1
2031;Finland;4;Total;1
2032;Finland;4;Total;1
2033;Finland;4;Total;1
2034;Finland;4;Total;1
2035;Finland;4;Total;1
2036;Finland;4;Total;1
2037;Finland;4;Total;1
2038;Finland;4;Total;1
2039;Finland;4;Total;1
2040;Finland;4;Total;1
2041;Finland;4;Total;1
2042;Finland;4;Total;1
2043;Finland;4;Total;1
2044;Finland;4;Total;1
2045;Finland;4;Total;1
2046;Finland;4;Total;1
2047;Finland;4;Total;1
2048;Finland;4;Total;1
2049;Finland;4;Total;1
2050;Finland;4;Total;1
1970;France;7;Total;1
1971;France;7;Total;1
1972;France;7;Total;1
1973;France;7;Total;1
1974;France;7;Total;1
1975;France;7;Total;1
1976;France;7;Total;1
1977;France;7;Total;1
1978;France;7;Total;1
1979;France;7;Total;1
1980;France;7;Total;1
1981;France;7;Total;1
1982;France;7;Total;1
1983;France;7;Total;1
1984;France;7;Total;1
1985;France;7;Total;1
1986;France;7;Total;1
1987;France;7;Total;1
1988;France;7;Total;1
1989;France;7;Total;1
1990;France;7;Total;1
1991;France;7;Total;1
1992;France;7;Total;1
1993;France;7;Total;1
1994;France;7;Total;1
1995;France;7;Total;1
1996;France;7;Total;1
1997;France;7;Total;1
1998;France;7;Total;1
1999;France;7;Total;1
2000;France;7;Total;1
2001;France;7;Total;1
2002;France;7;Total;1
2003;France;7;Total;1
2004;France;7;Total;1
2005;France;7;Total;1
2006;France;7;Total;1
2007;France;7;Total;1
2008;France;7;Total;1
2009;France;7;Total;1
2010;France;7;Total;1
2011;France;7;Total;1
2012;France;7;Total;1
2013;France;7;Total;1
2014;France;7;Total;1
2015;France;7;Total;1
2016;France;7;Total;1
2017;France;7;Total;1
2018;France;7;Total;1
2019;France;7;Total;1
2020;France;7;Total;1
2021;France;7;Total;1
2022;France;7;Total;1
2023;France;7;Total;1
2024;France;7;Total;1
2025;France;7;Total;1
2026;France;7;Total;1
2027;France;7;Total;1
2028;France;7;Total;1
2029;France;7;Total;1
2030;France;7;Total;1
2031;France;7;Total;1
2032;France;7;Total;1
2033;France;7;Total;1
2034;France;7;Total;1
2035;France;7;Total;1
2036;France;7;Total;1
2037;France;7;Total;1
2038;France;7;Total;1
2039;France;7;Total;1
2040;France;7;Total;1
2041;France;7;Total;1
2042;France;7;Total;1
2043;France;7;Total;1
2044;France;7;Total;1
2045;France;7;Total;1
2046;France;7;Total;1
2047;France;7;Total;1
2048;France;7;Total;1
2049;France;7;Total;1
2050;France;7;Total;1
1970;Germany;77;Total;1
1971;Germany;77;Total;1
1972;Germany;77;Total;1
1973;Germany;77;Total;1
1974;Germany;77;Total;1
1975;Germany;77;Total;1
1976;Germany;77;Total;1
1977;Germany;77;Total;1
1978;Germany;77;Total;1
1979;Germany;77;Total;1
1980;Germany;77;Total;1
1981;Germany;77;Total;1
1982;Germany;77;Total;1
1983;Germany;77;Total;1
1984;Germany;77;Total;1
1985;Germany;77;Total;1
1986;Germany;77;Total;1
1987;Germany;77;Total;1
1988;Germany;77;Total;1
1989;Germany;77;Total;1
1990;Germany;77;Total;1
1991;Germany;77;Total;1
1992;Germany;77;Total;1
1993;Germany;77;Total;1
1994;Germany;77;Total;1
1995;Germany;77;Total;1
1996;Germany;77;Total;1
1997;Germany;77;Total;1
1998;Germany;77;Total;1
1999;Germany;77;Total;1
2000;Germany;77;Total;1
2001;Germany;77;Total;1
2002;Germany;77;Total;1
2003;Germany;77;Total;1
2004;Germany;77;Total;1
2005;Germany;77;Total;1
2006;Germany;77;Total;1
2007;Germany;77;Total;1
2008;Germany;77;Total;1
2009;Germany;77;Total;1
2010;Germany;77;Total;1
2011;Germany;77;Total;1
2012;Germany;77;Total;1
2013;Germany;77;Total;1
2014;Germany;77;Total;1
2015;Germany;77;Total;1
2016;Germany;77;Total;1
2017;Germany;77;Total;1
2018;Germany;77;Total;1
2019;Germany;77;Total;1
2020;Germany;77;Total;1
2021;Germany;77;Total;1
2022;Germany;77;Total;1
2023;Germany;77;Total;1
2024;Germany;77;Total;1
2025;Germany;77;Total;1
2026;Germany;77;Total;1
2027;Germany;77;Total;1
2028;Germany;77;Total;1
2029;Germany;77;Total;1
2030;Germany;77;Total;1
2031;Germany;77;Total;1
2032;Germany;77;Total;1
2033;Germany;77;Total;1
2034;Germany;77;Total;1
2035;Germany;77;Total;1
2036;Germany;77;Total;1
2037;Germany;77;Total;1
2038;Germany;77;Total;1
2039;Germany;77;Total;1
2040;Germany;77;Total;1
2041;Germany;77;Total;1
2042;Germany;77;Total;1
2043;Germany;77;Total;1
2044;Germany;77;Total;1
2045;Germany;77;Total;1
2046;Germany;77;Total;1
2047;Germany;77;Total;1
2048;Germany;77;Total;1
2049;Germany;77;Total;1
2050;Germany;77;Total;1
1970;Greece;2;Total;1
1971;Greece;2;Total;1
1972;Greece;2;Total;1
1973;Greece;2;Total;1
1974;Greece;2;Total;1
1975;Greece;2;Total;1
1976;Greece;2;Total;1
1977;Greece;2;Total;1
1978;Greece;2;Total;1
1979;Greece;2;Total;1
1980;Greece;2;Total;1
1981;Greece;2;Total;1
1982;Greece;2;Total;1
1983;Greece;2;Total;1
1984;Greece;2;Total;1
1985;Greece;2;Total;1
1986;Greece;2;Total;1
1987;Greece;2;Total;1
1988;Greece;2;Total;1
1989;Greece;2;Total;1
1990;Greece;2;Total;1
1991;Greece;2;Total;1
1992;Greece;2;Total;1
1993;Greece;2;Total;1
1994;Greece;2;Total;1
1995;Greece;2;Total;1
1996;Greece;2;Total;1
1997;Greece;2;Total;1
1998;Greece;2;Total;1
1999;Greece;2;Total;1
2000;Greece;2;Total;1
2001;Greece;2;Total;1
2002;Greece;2;Total;1
2003;Greece;2;Total;1
2004;Greece;2;Total;1
2005;Greece;2;Total;1
2006;Greece;2;Total;1
2007;Greece;2;Total;1
2008;Greece;2;Total;1
2009;Greece;2;Total;1
2010;Greece;2;Total;1
2011;Greece;2;Total;1
2012;Greece;2;Total;1
2013;Greece;2;Total;1
2014;Greece;2;Total;1
2015;Greece;2;Total;1
2016;Greece;2;Total;1
2017;Greece;2;Total;1
2018;Greece;2;Total;1
2019;Greece;2;Total;1
2020;Greece;2;Total;1
2021;Greece;2;Total;1
2022;Greece;2;Total;1
2023;Greece;2;Total;1
2024;Greece;2;Total;1
2025;Greece;2;Total;1
2026;Greece;2;Total;1
2027;Greece;2;Total;1
2028;Greece;2;Total;1
2029;Greece;2;Total;1
2030;Greece;2;Total;1
2031;Greece;2;Total;1
2032;Greece;2;Total;1
2033;Greece;2;Total;1
2034;Greece;2;Total;1
2035;Greece;2;Total;1
2036;Greece;2;Total;1
2037;Greece;2;Total;1
2038;Greece;2;Total;1
2039;Greece;2;Total;1
2040;Greece;2;Total;1
2041;Greece;2;Total;1
2042;Greece;2;Total;1
2043;Greece;2;Total;1
2044;Greece;2;Total;1
2045;Greece;2;Total;1
2046;Greece;2;Total;1
2047;Greece;2;Total;1
2048;Greece;2;Total;1
2049;Greece;2;Total;1
2050;Greece;2;Total;1
1970;Italy;3;Total;1
1971;Italy;3;Total;1
1972;Italy;3;Total;1
1973;Italy;3;Total;1
1974;Italy;3;Total;1
1975;Italy;3;Total;1
1976;Italy;3;Total;1
1977;Italy;3;Total;1
1978;Italy;3;Total;1
1979;Italy;3;Total;1
1980;Italy;3;Total;1
1981;Italy;3;Total;1
1982;Italy;3;Total;1
1983;Italy;3;Total;1
1984;Italy;3;Total;1
1985;Italy;3;Total;1
1986;Italy;3;Total;1
1987;Italy;3;Total;1
1988;Italy;3;Total;1
1989;Italy;3;Total;1
1990;Italy;3;Total;1
1991;Italy;3;Total;1
1992;Italy;3;Total;1
1993;Italy;3;Total;1
1994;Italy;3;Total;1
1995;Italy;3;Total;1
1996;Italy;3;Total;1
1997;Italy;3;Total;1
1998;Italy;3;Total;1
1999;Italy;3;Total;1
2000;Italy;3;Total;1
2001;Italy;3;Total;1
2002;Italy;3;Total;1
2003;Italy;3;Total;1
2004;Italy;3;Total;1
2005;Italy;3;Total;1
2006;Italy;3;Total;1
2007;Italy;3;Total;1
2008;Italy;3;Total;1
2009;Italy;3;Total;1
2010;Italy;3;Total;1
2011;Italy;3;Total;1
2012;Italy;3;Total;1
2013;Italy;3;Total;1
2014;Italy;3;Total;1
2015;Italy;3;Total;1
2016;Italy;3;Total;1
2017;Italy;3;Total;1
2018;Italy;3;Total;1
2019;Italy;3;Total;1
2020;Italy;3;Total;1
2021;Italy;3;Total;1
2022;Italy;3;Total;1
2023;Italy;3;Total;1
2024;Italy;3;Total;1
2025;Italy;3;Total;1
2026;Italy;3;Total;1
2027;Italy;3;Total;1
2028;Italy;3;Total;1
2029;Italy;3;Total;1
2030;Italy;3;Total;1
2031;Italy;3;Total;1
2032;Italy;3;Total;1
2033;Italy;3;Total;1
2034;Italy;3;Total;1
2035;Italy;3;Total;1
2036;Italy;3;Total;1
2037;Italy;3;Total;1
2038;Italy;3;Total;1
2039;Italy;3;Total;1
2040;Italy;3;Total;1
2041;Italy;3;Total;1
2042;Italy;3;Total;1
2043;Italy;3;Total;1
2044;Italy;3;Total;1
2045;Italy;3;Total;1
2046;Italy;3;Total;1
2047;Italy;3;Total;1
2048;Italy;3;Total;1
2049;Italy;3;Total;1
2050;Italy;3;Total;1
1970;Netherlands;6;Total;1
1971;Netherlands;6;Total;1
1972;Netherlands;6;Total;1
1973;Netherlands;6;Total;1
1974;Netherlands;6;Total;1
1975;Netherlands;6;Total;1
1976;Netherlands;6;Total;1
1977;Netherlands;6;Total;1
1978;Netherlands;6;Total;1
1979;Netherlands;6;Total;1
1980;Netherlands;6;Total;1
1981;Netherlands;6;Total;1
1982;Netherlands;6;Total;1
1983;Netherlands;6;Total;1
1984;Netherlands;6;Total;1
1985;Netherlands;6;Total;1
1986;Netherlands;6;Total;1
1987;Netherlands;6;Total;1
1988;Netherlands;6;Total;1
1989;Netherlands;6;Total;1
1990;Netherlands;6;Total;1
1991;Netherlands;6;Total;1
1992;Netherlands;6;Total;1
1993;Netherlands;6;Total;1
1994;Netherlands;6;Total;1
1995;Netherlands;6;Total;1
1996;Netherlands;6;Total;1
1997;Netherlands;6;Total;1
1998;Netherlands;6;Total;1
1999;Netherlands;6;Total;1
2000;Netherlands;6;Total;1
2001;Netherlands;6;Total;1
2002;Netherlands;6;Total;1
2003;Netherlands;6;Total;1
2004;Netherlands;6;Total;1
2005;Netherlands;6;Total;1
2006;Netherlands;6;Total;1
2007;Netherlands;6;Total;1
2008;Netherlands;6;Total;1
2009;Netherlands;6;Total;1
2010;Netherlands;6;Total;1
2011;Netherlands;6;Total;1
2012;Netherlands;6;Total;1
2013;Netherlands;6;Total;1
2014;Netherlands;6;Total;1
2015;Netherlands;6;Total;1
2016;Netherlands;6;Total;1
2017;Netherlands;6;Total;1
2018;Netherlands;6;Total;1
2019;Netherlands;6;Total;1
2020;Netherlands;6;Total;1
2021;Netherlands;6;Total;1
2022;Netherlands;6;Total;1
2023;Netherlands;6;Total;1
2024;Netherlands;6;Total;1
2025;Netherlands;6;Total;1
2026;Netherlands;6;Total;1
2027;Netherlands;6;Total;1
2028;Netherlands;6;Total;1
2029;Netherlands;6;Total;1
2030;Netherlands;6;Total;1
2031;Netherlands;6;Total;1
2032;Netherlands;6;Total;1
2033;Netherlands;6;Total;1
2034;Netherlands;6;Total;1
2035;Netherlands;6;Total;1
2036;Netherlands;6;Total;1
2037;Netherlands;6;Total;1
2038;Netherlands;6;Total;1
2039;Netherlands;6;Total;1
2040;Netherlands;6;Total;1
2041;Netherlands;6;Total;1
2042;Netherlands;6;Total;1
2043;Netherlands;6;Total;1
2044;Netherlands;6;Total;1
2045;Netherlands;6;Total;1
2046;Netherlands;6;Total;1
2047;Netherlands;6;Total;1
2048;Netherlands;6;Total;1
2049;Netherlands;6;Total;1
2050;Netherlands;6;Total;1
1970;Norway;5;Total;1
1971;Norway;5;Total;1
1972;Norway;5;Total;1
1973;Norway;5;Total;1
1974;Norway;5;Total;1
1975;Norway;5;Total;1
1976;Norway;5;Total;1
1977;Norway;5;Total;1
1978;Norway;5;Total;1
1979;Norway;5;Total;1
1980;Norway;5;Total;1
1981;Norway;5;Total;1
1982;Norway;5;Total;1
1983;Norway;5;Total;1
1984;Norway;5;Total;1
1985;Norway;5;Total;1
1986;Norway;5;Total;1
1987;Norway;5;Total;1
1988;Norway;5;Total;1
1989;Norway;5;Total;1
1990;Norway;5;Total;1
1991;Norway;5;Total;1
1992;Norway;5;Total;1
1993;Norway;5;Total;1
1994;Norway;5;Total;1
1995;Norway;5;Total;1
1996;Norway;5;Total;1
1997;Norway;5;Total;1
1998;Norway;5;Total;1
1999;Norway;5;Total;1
2000;Norway;5;Total;1
2001;Norway;5;Total;1
2002;Norway;5;Total;1
2003;Norway;5;Total;1
2004;Norway;5;Total;1
2005;Norway;5;Total;1
2006;Norway;5;Total;1
2007;Norway;5;Total;1
2008;Norway;5;Total;1
2009;Norway;5;Total;1
2010;Norway;5;Total;1
2011;Norway;5;Total;1
2012;Norway;5;Total;1
2013;Norway;5;Total;1
2014;Norway;5;Total;1
2015;Norway;5;Total;1
2016;Norway;5;Total;1
2017;Norway;5;Total;1
2018;Norway;5;Total;1
2019;Norway;5;Total;1
2020;Norway;5;Total;1
2021;Norway;5;Total;1
2022;Norway;5;Total;1
2023;Norway;5;Total;1
2024;Norway;5;Total;1
2025;Norway;5;Total;1
2026;Norway;5;Total;1
2027;Norway;5;Total;1
2028;Norway;5;Total;1
2029;Norway;5;Total;1
2030;Norway;5;Total;1
2031;Norway;5;Total;1
2032;Norway;5;Total;1
2033;Norway;5;Total;1
2034;Norway;5;Total;1
2035;Norway;5;Total;1
2036;Norway;5;Total;1
2037;Norway;5;Total;1
2038;Norway;5;Total;1
2039;Norway;5;Total;1
2040;Norway;5;Total;1
2041;Norway;5;Total;1
2042;Norway;5;Total;1
2043;Norway;5;Total;1
2044;Norway;5;Total;1
2045;Norway;5;Total;1
2046;Norway;5;Total;1
2047;Norway;5;Total;1
2048;Norway;5;Total;1
2049;Norway;5;Total;1
2050;Norway;5;Total;1
1970;Poland;1;Total;1
1971;Poland;1;Total;1
1972;Poland;1;Total;1
1973;Poland;1;Total;1
1974;Poland;1;Total;1
1975;Poland;1;Total;1
1976;Poland;1;Total;1
1977;Poland;1;Total;1
1978;Poland;1;Total;1
1979;Poland;1;Total;1
1980;Poland;1;Total;1
1981;Poland;1;Total;1
1982;Poland;1;Total;1
1983;Poland;1;Total;1
1984;Poland;1;Total;1
1985;Poland;1;Total;1
1986;Poland;1;Total;1
1987;Poland;1;Total;1
1988;Poland;1;Total;1
1989;Poland;1;Total;1
1990;Poland;1;Total;1
1991;Poland;1;Total;1
1992;Poland;1;Total;1
1993;Poland;1;Total;1
1994;Poland;1;Total;1
1995;Poland;1;Total;1
1996;Poland;1;Total;1
1997;Poland;1;Total;1
1998;Poland;1;Total;1
1999;Poland;1;Total;1
2000;Poland;1;Total;1
2001;Poland;1;Total;1
2002;Poland;1;Total;1
2003;Poland;1;Total;1
2004;Poland;1;Total;1
2005;Poland;1;Total;1
2006;Poland;1;Total;1
2007;Poland;1;Total;1
2008;Poland;1;Total;1
2009;Poland;1;Total;1
2010;Poland;1;Total;1
2011;Poland;1;Total;1
2012;Poland;1;Total;1
2013;Poland;1;Total;1
2014;Poland;1;Total;1
2015;Poland;1;Total;1
2016;Poland;1;Total;1
2017;Poland;1;Total;1
2018;Poland;1;Total;1
2019;Poland;1;Total;1
2020;Poland;1;Total;1
2021;Poland;1;Total;1
2022;Poland;1;Total;1
2023;Poland;1;Total;1
2024;Poland;1;Total;1
2025;Poland;1;Total;1
2026;Poland;1;Total;1
2027;Poland;1;Total;1
2028;Poland;1;Total;1
2029;Poland;1;Total;1
2030;Poland;1;Total;1
2031;Poland;1;Total;1
2032;Poland;1;Total;1
2033;Poland;1;Total;1
2034;Poland;1;Total;1
2035;Poland;1;Total;1
2036;Poland;1;Total;1
2037;Poland;1;Total;1
2038;Poland;1;Total;1
2039;Poland;1;Total;1
2040;Poland;1;Total;1
2041;Poland;1;Total;1
2042;Poland;1;Total;1
2043;Poland;1;Total;1
2044;Poland;1;Total;1
2045;Poland;1;Total;1
2046;Poland;1;Total;1
2047;Poland;1;Total;1
2048;Poland;1;Total;1
2049;Poland;1;Total;1
2050;Poland;1;Total;1
